,ID,Experimental,Pred_x,Pred_y,Pred_x,Pred_y,Pred_x,Pred_y,Pred_x,Pred_y,Pred_x,Pred_y,Pred_x,Pred_y,Pred_x,Pred_y,Pred_x,Pred_y,Pred_x,Pred_y,Pred_x,Pred_y,Pred_x,Pred_y,Pred_x,Pred_y,Pred_x,Pred_y,Pred_x,Pred_y,Pred_x,Pred_y,Pred_x,Pred_y,Pred_x,Pred_y,Pred_x,Pred_y,Pred_x,Pred_y,Pred_x,Pred_y,Pred_x,Pred_y,Pred_x,Pred_y,Pred_x,Pred_y,Pred_x,Pred_y,Pred_x,Pred_y,Pred_x,Pred_y,Pred_x,Pred_y,Pred_x,Pred_y,Pred_x,Pred_y,Pred_x,Pred_y,Pred_x,Pred_y,Pred_x,Pred_y,Pred_x,Pred_y,Pred_x,Pred_y,Pred_x,Pred_y,Pred_x,Pred_y,Pred_x,Pred_y,Pred_x,Pred_y,Pred_x,Pred_y,Pred_x,Pred_y,Pred_x,Pred_y,Pred_x,Pred_y,Pred_x,Pred_y,Pred_x,Pred_y,Pred_x,Pred_y,Pred_x,Pred_y,Pred_x,Pred_y,Pred_x,Pred_y,Pred_x,Pred_y,Pred_x,Pred_y
0,0,3.45,0.0,0.0,0.0,0.0,3.05739303030303,2.7381824523809546,0.0,3.085979999999999,3.0628578947368483,0.0,0.0,2.7885999999999966,0.0,3.0176563809523835,0.0,0.0,0.0,3.1986943809523822,3.0503099523809563,3.0935105048840064,0.0,0.0,3.031405142857146,3.0170079642449106,0.0,0.0,0.0,0.0,0.0,0.0,0.0,2.8763313534112953,0.0,2.7537953333333323,0.0,0.0,0.0,2.480280000000002,0.0,3.0031542857142917,0.0,0.0,0.0,0.0,0.0,2.5684602578996536,0.0,0.0,0.0,3.063700928571428,2.819060000000007,0.0,0.0,0.0,0.0,3.0540606666666643,0.0,0.0,3.0371999999999977,0.0,2.97048576984127,0.0,0.0,0.0,3.0312444285714246,2.7163444047619008,0.0,0.0,2.9647066666666677,0.0,0.0,0.0,0.0,3.00147999999999,0.0,0.0,0.0,0.0,2.9782714285714302,0.0,0.0,0.0,0.0,0.0,0.0,2.9811303333333266,0.0,0.0,0.0,0.0,0.0,0.0,3.1496960000000036,0.0,0.0,0.0,2.8658359126984108,0.0,0.0,3.1310400000000023
1,1,4.0,0.0,0.0,0.0,0.0,0.0,0.0,0.0,0.0,0.0,3.30586000000001,0.0,0.0,0.0,0.0,0.0,0.0,3.450837284326797,0.0,0.0,0.0,0.0,0.0,0.0,0.0,0.0,0.0,0.0,0.0,0.0,0.0,0.0,0.0,0.0,0.0,0.0,3.5977747619047724,3.560820000000014,3.212680000000012,0.0,0.0,0.0,0.0,3.4716375238095343,3.6219600000000254,0.0,3.1406006491228147,0.0,0.0,0.0,0.0,0.0,0.0,0.0,3.8299211666666957,3.49210068253969,3.550556666666674,0.0,3.5375184337969503,3.6096000000000084,3.878756000000031,0.0,0.0,0.0,3.7592200000000213,0.0,3.475482523809532,0.0,0.0,0.0,3.466557547619054,3.7209711176046216,3.571800000000027,0.0,0.0,3.7252800000000277,0.0,0.0,0.0,0.0,0.0,0.0,0.0,0.0,0.0,3.5921366666666845,0.0,0.0,3.5355717380952485,3.5993853700188785,0.0,3.5360462857143005,0.0,0.0,3.668886666666686,0.0,3.744860000000023,0.0,0.0,0.0,0.0
2,2,4.5,3.2188740476190514,0.0,0.0,0.0,0.0,3.7330433015873075,4.1563025714285855,0.0,0.0,3.689180000000017,0.0,3.653460000000009,0.0,4.079023619047639,3.7615076854256864,0.0,3.835402559218572,0.0,4.046195285714309,0.0,4.220840000000018,4.0998300714285945,3.984091666666692,0.0,0.0,4.031174666666687,4.131840000000027,4.145428380952388,0.0,0.0,3.975765380952401,4.022740129870151,0.0,0.0,0.0,0.0,0.0,0.0,0.0,0.0,0.0,0.0,3.761333857142873,0.0,0.0,0.0,3.6592599999999984,0.0,3.8466800000000165,0.0,0.0,0.0,4.218460000000029,0.0,0.0,0.0,0.0,0.0,0.0,0.0,0.0,0.0,0.0,0.0,0.0,0.0,4.208175809523824,0.0,0.0,0.0,0.0,4.0194914285714605,3.8117133809524013,0.0,0.0,0.0,0.0,3.7865200000000176,4.122545142857168,3.817587835109352,3.693490809523821,0.0,0.0,0.0,0.0,0.0,4.067259642857155,3.849194309523823,0.0,0.0,0.0,0.0,0.0,0.0,0.0,0.0,3.5633180476190613,3.909913333333349,0.0,0.0
3,3,5.15,3.2587664444444377,4.241328666666671,0.0,4.1317036825396825,4.160920000000003,3.7856118968254022,0.0,0.0,0.0,0.0,0.0,3.6433200000000108,0.0,0.0,3.790958177489177,0.0,0.0,0.0,0.0,0.0,0.0,0.0,0.0,0.0,0.0,0.0,0.0,0.0,0.0,0.0,0.0,0.0,0.0,0.0,4.198900000000003,0.0,0.0,0.0,0.0,0.0,0.0,0.0,0.0,0.0,0.0,0.0,3.716699999999997,0.0,3.844740000000014,4.072086685425687,4.158320000000006,0.0,0.0,0.0,4.102939047619053,0.0,0.0,0.0,0.0,0.0,4.170178968253974,0.0,0.0,0.0,0.0,4.071542428571434,0.0,0.0,4.241360000000006,4.0596691746031786,3.8991451414141474,0.0,3.8487010476190644,0.0,0.0,0.0,0.0,3.8922800000000146,0.0,3.801997779553796,3.6741260000000135,0.0,0.0,0.0,0.0,0.0,0.0,0.0,4.164507818903325,0.0,0.0,0.0,0.0,0.0,0.0,0.0,3.5115420476190593,3.958320000000014,0.0,0.0
4,4,3.11,0.0,0.0,0.0,0.0,0.0,0.0,0.0,3.1230200000000012,3.131093673957634,0.0,0.0,0.0,3.0671627460317463,0.0,0.0,0.0,0.0,0.0,0.0,0.0,0.0,3.149780428571434,0.0,2.923686209277657,0.0,0.0,0.0,0.0,0.0,0.0,0.0,0.0,3.028220000000014,0.0,3.0291375000000107,0.0,0.0,2.979280000000011,3.1846533333333507,2.892845000000005,3.1653038681818244,0.0,0.0,0.0,3.158773333333337,0.0,0.0,0.0,0.0,0.0,2.85138000000001,3.180750000000019,0.0,0.0,0.0,0.0,0.0,0.0,0.0,3.348763333333355,3.019317730158731,0.0,0.0,0.0,0.0,0.0,3.3719058333333374,0.0,0.0,2.9209999769119785,0.0,3.282807952380974,0.0,0.0,3.135900000000018,0.0,3.1956600000000175,0.0,0.0,2.9175864110889114,0.0,0.0,3.020604190476193,0.0,0.0,0.0,0.0,0.0,0.0,3.2382800000000214,0.0,3.28413000000002,0.0,0.0,0.0,0.0,0.0,0.0,0.0,0.0
5,5,3.0,0.0,0.0,0.0,0.0,0.0,0.0,0.0,0.0,0.0,0.0,0.0,0.0,2.7044257135642122,2.5519852380952415,0.0,0.0,2.7389849856254873,0.0,0.0,0.0,2.834486222222229,0.0,0.0,0.0,0.0,0.0,0.0,0.0,0.0,2.5034349462204513,0.0,0.0,0.0,0.0,0.0,0.0,0.0,0.0,0.0,0.0,0.0,0.0,2.8888629047619063,0.0,2.964135666666668,2.669114420742658,0.0,2.7694677857142844,0.0,0.0,0.0,0.0,0.0,0.0,2.600604571428572,0.0,2.9323376613693375,0.0,0.0,0.0,0.0,0.0,0.0,0.0,0.0,0.0,0.0,0.0,0.0,2.7127483968254,3.050801862193362,0.0,0.0,2.840779999999999,0.0,0.0,0.0,0.0,0.0,0.0,2.678825857142856,0.0,0.0,0.0,0.0,0.0,2.832814461760465,0.0,0.0,0.0,0.0,0.0,0.0,0.0,0.0,0.0,0.0,0.0,0.0,0.0
6,6,3.44,0.0,0.0,3.408420000000005,0.0,0.0,0.0,0.0,0.0,3.399970000000014,3.3452199999999985,0.0,3.285379999999999,3.4796193246753275,0.0,0.0,3.391833452380958,3.3357814957265024,0.0,0.0,0.0,3.347249523809536,0.0,0.0,0.0,0.0,3.450733787878798,0.0,0.0,0.0,3.3758369902875005,3.442693809523821,3.402331887279391,0.0,0.0,0.0,3.4201020476190522,0.0,3.3891400000000127,0.0,0.0,0.0,3.429486904761912,0.0,0.0,0.0,3.031299728487891,0.0,3.4053592380952455,0.0,0.0,0.0,0.0,3.4095846666666767,0.0,0.0,0.0,3.6050408937451546,3.2243626530776663,0.0,0.0,3.569921873015878,0.0,0.0,3.3870810000000127,3.4493078333333385,0.0,0.0,0.0,0.0,0.0,0.0,0.0,0.0,3.301379999999997,3.4102000000000174,0.0,0.0,3.3756166666666707,0.0,3.2527569618159693,0.0,0.0,0.0,0.0,0.0,3.21338905555556,0.0,0.0,0.0,0.0,0.0,0.0,0.0,3.262525333333337,0.0,0.0,0.0,0.0,3.5306800000000043,0.0
7,7,3.88,3.1559851904762017,0.0,0.0,3.6637860873015855,3.486305000000011,0.0,0.0,3.3974600000000175,0.0,3.585860000000011,0.0,0.0,3.964205744588746,0.0,3.622278036796541,0.0,0.0,0.0,0.0,0.0,0.0,0.0,0.0,0.0,0.0,0.0,0.0,3.747680761904767,3.566136571428576,0.0,0.0,0.0,0.0,0.0,3.485090000000012,0.0,3.5692400000000135,0.0,3.7440800000000114,3.6464200000000107,3.886072497835504,0.0,0.0,0.0,3.671363047619052,0.0,3.5041999999999938,0.0,0.0,0.0,0.0,0.0,0.0,0.0,0.0,3.3390323809523963,0.0,3.4295672152026766,3.3787800000000123,0.0,0.0,0.0,0.0,0.0,0.0,0.0,0.0,3.5421666059773598,0.0,0.0,0.0,0.0,0.0,3.622280000000001,0.0,0.0,0.0,0.0,0.0,0.0,0.0,0.0,0.0,0.0,0.0,3.6152407222222274,0.0,0.0,0.0,0.0,0.0,0.0,0.0,0.0,3.7291734444444495,0.0,0.0,0.0,0.0,0.0
8,8,1.99,1.6842550952380946,0.0,0.0,0.0,0.0,0.0,0.0,1.7241200000000014,0.0,0.0,0.0,0.0,0.0,1.6547795714285742,2.0580201089441847,0.0,0.0,0.0,0.0,0.0,0.0,0.0,0.0,2.026170187312689,0.0,0.0,0.0,1.927112863247867,0.0,0.0,0.0,0.0,0.0,2.0614713888888905,0.0,0.0,0.0,0.0,1.9573800000000043,1.5139633333333347,0.0,0.0,0.0,2.0110200000000056,0.0,1.4763875714285755,0.0,2.0977801904761915,1.7428975000000049,2.10287858152958,0.0,1.7335837055137857,0.0,0.0,0.0,0.0,0.0,0.0,2.085060000000006,0.0,2.053065023809523,1.9476850000000054,0.0,0.0,0.0,0.0,0.0,0.0,1.9990529206349268,0.0,0.0,0.0,0.0,0.0,0.0,1.8883213333333362,2.1355800000000023,0.0,0.0,0.0,0.0,0.0,0.0,0.0,0.0,0.0,0.0,2.042158099567099,2.162893611440847,0.0,0.0,0.0,0.0,0.0,0.0,2.0856638942461103,0.0,1.9819946904761927,0.0,2.0519600000000033
9,9,2.35,0.0,1.4695951746031766,0.0,1.5338894704184705,0.0,0.0,1.3754579047619053,0.0,0.0,1.6573600000000015,1.5194054190476183,0.0,0.0,0.0,0.0,0.0,1.4723944847848234,0.0,0.0,1.3037529757516,0.0,0.0,1.4123876190476212,1.4099545608763449,0.0,0.0,0.0,0.0,1.423134666666665,1.371785247283762,0.0,0.0,1.6851960000000037,0.0,1.3635797619047634,0.0,1.5447800000000012,0.0,0.0,1.206550000000001,0.0,0.0,0.0,0.0,0.0,0.0,1.5256600000000031,0.0,0.0,0.0,1.2632650000000014,1.5311179933925736,0.0,0.0,1.6389103809523788,0.0,0.0,1.6037473281902659,0.0,0.0,0.0,0.0,1.581200170940175,0.0,1.4874701321251862,0.0,0.0,0.0,0.0,1.3330191435786451,1.549082674603174,0.0,0.0,0.0,0.0,0.0,0.0,1.2881352777777777,0.0,0.0,0.0,1.3492940974025984,0.0,0.0,1.8113986666666682,1.320567571428574,0.0,0.0,0.0,1.5567770000000034,0.0,0.0,0.0,0.0,1.8638891069340044,0.0,0.0,0.0,1.4731400000000032,0.0
10,10,3.4,3.151114095238104,0.0,0.0,0.0,0.0,2.938532666666667,3.0599893521303305,0.0,0.0,0.0,0.0,3.0155799999999964,0.0,0.0,0.0,2.9956391666666686,0.0,3.098005047619053,3.02819366666667,0.0,0.0,0.0,0.0,0.0,0.0,0.0,0.0,0.0,3.1440321666666735,0.0,0.0,2.828966210321636,0.0,0.0,0.0,0.0,0.0,0.0,0.0,2.817184285714294,0.0,0.0,0.0,0.0,0.0,2.725380592675987,2.958960000000001,0.0,3.1649813333333383,0.0,0.0,0.0,0.0,0.0,0.0,0.0,0.0,0.0,0.0,0.0,0.0,3.1481800000000075,3.0078400000000047,0.0,0.0,0.0,0.0,0.0,2.9790833333333393,0.0,0.0,0.0,0.0,2.9802799999999925,0.0,3.0746956666666687,0.0,3.071053500000002,0.0,0.0,0.0,0.0,3.074401952380955,3.109363555555559,0.0,0.0,0.0,0.0,0.0,0.0,0.0,0.0,0.0,3.056077666666668,0.0,0.0,2.9658924505494553,0.0,3.136820000000003,0.0
11,11,1.98,0.0,0.0,0.0,0.0,0.0,0.0,0.0,2.09692,0.0,2.02333666666667,1.8635582777777784,0.0,0.0,1.8733052619047657,0.0,0.0,0.0,0.0,0.0,0.0,0.0,2.0462899047619083,0.0,0.0,2.259875820512823,0.0,0.0,0.0,1.9228219999999985,1.670645625657712,0.0,0.0,0.0,0.0,0.0,0.0,0.0,0.0,0.0,0.0,2.2205925870781176,0.0,0.0,0.0,0.0,0.0,0.0,0.0,2.0408008333333396,2.0300448253968266,0.0,0.0,0.0,2.01749522222223,1.9821623809523818,2.057804669552673,0.0,0.0,0.0,2.0732816666666722,0.0,0.0,0.0,0.0,0.0,1.9906730952380969,0.0,0.0,0.0,0.0,0.0,0.0,2.1547526904761876,0.0,0.0,0.0,2.2319400000000043,1.6705528888888908,0.0,0.0,0.0,0.0,0.0,0.0,0.0,1.7037549285714315,0.0,0.0,0.0,0.0,2.157756904761904,2.070884111111116,0.0,0.0,0.0,0.0,0.0,0.0,0.0,0.0
12,12,2.73,0.0,0.0,0.0,0.0,0.0,0.0,0.0,2.672280000000003,0.0,0.0,0.0,0.0,0.0,0.0,2.6905328046969355,2.547094460317463,0.0,0.0,0.0,0.0,0.0,0.0,0.0,0.0,0.0,0.0,0.0,0.0,0.0,0.0,0.0,0.0,0.0,2.3449021131368646,0.0,0.0,0.0,2.371780000000004,0.0,0.0,0.0,2.6505809531918803,0.0,0.0,0.0,2.482186538459648,0.0,0.0,0.0,2.6374427777777796,0.0,0.0,0.0,0.0,0.0,0.0,0.0,0.0,0.0,2.673201968253973,0.0,2.6908399206349287,0.0,0.0,0.0,2.506980095238094,0.0,0.0,0.0,0.0,2.649161845004668,0.0,2.680787047619048,0.0,0.0,0.0,2.7581800000000056,2.411044428571433,0.0,2.557697661619994,2.652912253968257,2.6205149182863936,2.5194520238095235,2.536012523809526,0.0,2.396019835497836,2.6576251666666675,0.0,2.6630566408966856,2.507425000000003,0.0,0.0,0.0,0.0,0.0,2.532710476190477,0.0,0.0,0.0,2.5635400000000055
13,13,2.13,2.9748668730158765,0.0,0.0,2.455884840659342,0.0,2.507901936507936,0.0,0.0,0.0,0.0,0.0,0.0,0.0,2.3872920303030334,2.457888813473656,0.0,0.0,2.512362047619045,2.4486681428571426,0.0,0.0,2.41944104761905,0.0,2.443744469609339,2.603220666666669,0.0,0.0,0.0,0.0,0.0,0.0,0.0,0.0,0.0,0.0,0.0,0.0,0.0,0.0,2.2287813968254024,0.0,0.0,0.0,0.0,0.0,0.0,2.357000000000005,2.4760748095238068,0.0,2.6267507619047614,2.4202299047619085,0.0,0.0,0.0,0.0,0.0,0.0,0.0,2.4300666666666717,0.0,0.0,0.0,0.0,2.3573007267399317,2.607987922799425,0.0,2.4131609920634944,0.0,2.4981146630036637,0.0,0.0,2.538688333333335,0.0,0.0,2.601700000000003,0.0,0.0,0.0,2.556585666666665,0.0,2.3349061904761887,0.0,2.5247771904761898,0.0,2.4974556666666694,0.0,0.0,0.0,0.0,0.0,0.0,0.0,0.0,2.5587430607725645,0.0,0.0,0.0,0.0,0.0,0.0
14,14,2.73,0.0,0.0,0.0,0.0,0.0,0.0,0.0,2.6564600000000036,0.0,0.0,2.84801873809524,0.0,0.0,2.936926285714286,0.0,2.7121692619047635,0.0,2.8190209999999993,0.0,0.0,0.0,0.0,0.0,2.7956998598170815,2.7949610317460385,0.0,0.0,0.0,0.0,0.0,0.0,0.0,2.64695433333334,0.0,2.638382771506278,0.0,0.0,0.0,0.0,2.755974714285722,0.0,0.0,0.0,0.0,0.0,0.0,0.0,2.8972926666666665,0.0,3.0113521507936523,0.0,0.0,0.0,2.8641790757575896,0.0,0.0,2.800216343991238,0.0,0.0,0.0,2.757313174603175,0.0,0.0,2.760862609523814,2.8592352746036234,0.0,0.0,0.0,0.0,0.0,0.0,0.0,0.0,0.0,2.9654600000000038,0.0,0.0,2.8368882301587326,0.0,0.0,0.0,2.6730934112554134,0.0,0.0,2.7729241269841305,0.0,0.0,2.8392806349206348,0.0,2.903990000000006,2.766343079365079,2.8265291666666674,0.0,0.0,0.0,2.815335956709964,0.0,0.0,0.0,2.8934200000000025
15,15,3.15,0.0,0.0,0.0,0.0,0.0,0.0,0.0,0.0,3.1953116666666634,0.0,0.0,3.200160000000002,0.0,0.0,3.2043626291486293,0.0,3.246431080253084,0.0,3.2178585238095256,0.0,0.0,3.2053793809523774,3.2215907380952435,3.266702910256413,3.3093800000000084,0.0,0.0,0.0,0.0,0.0,3.276133158730166,0.0,0.0,0.0,0.0,3.170986571428571,3.1244000000000147,3.0507200000000063,0.0,0.0,0.0,0.0,0.0,0.0,3.167028285714286,0.0,3.043659999999993,0.0,0.0,3.274610063492062,0.0,0.0,3.2192383333333505,3.205380166666682,0.0,0.0,3.300112162504165,0.0,3.2000200000000074,0.0,0.0,0.0,0.0,3.1887586666666743,0.0,0.0,0.0,0.0,0.0,0.0,3.198433812409813,3.2236758333333304,3.284500761904768,0.0,0.0,0.0,0.0,0.0,0.0,0.0,0.0,0.0,0.0,0.0,3.3180029999999983,3.082216650793659,3.3248943650793654,0.0,0.0,3.206080000000006,0.0,3.1880890476190507,3.2661355844155846,0.0,3.210913134920642,3.2162864444444486,0.0,0.0,0.0,3.2652399999999986
16,16,3.12,3.1916963333333355,3.072847285714297,3.0819200000000175,0.0,0.0,0.0,3.0985699682539702,0.0,0.0,0.0,3.0921277142857253,0.0,0.0,0.0,0.0,0.0,0.0,0.0,0.0,0.0,3.090715000000016,0.0,0.0,0.0,3.164062051282067,0.0,0.0,3.1053964664224667,0.0,3.1234200005941797,0.0,2.9081553433129184,3.141960000000023,0.0,0.0,3.1465893650793655,3.1188400000000187,2.8915000000000095,0.0,0.0,0.0,2.9957522065271776,3.0674395238095316,0.0,0.0,0.0,0.0,0.0,0.0,0.0,0.0,0.0,3.0536116666666864,3.0636922619047757,0.0,3.074865555555568,0.0,3.0910810103519735,0.0,0.0,0.0,3.1076733333333473,2.9978000000000145,0.0,0.0,0.0,3.0786184365079365,0.0,0.0,3.0949888492063495,0.0,0.0,3.104462904761909,0.0,0.0,0.0,0.0,0.0,3.111780952380965,0.0,3.133245428571432,3.0785693968254013,0.0,2.9013584761904836,0.0,0.0,0.0,3.0858770714285817,0.0,0.0,0.0,0.0,0.0,3.125681500000022,0.0,0.0,3.0196644761904765,0.0,0.0,0.0
17,17,3.2,0.0,3.1167566190476306,0.0,3.169598253968256,0.0,0.0,3.159066888888893,0.0,0.0,3.1156399999999973,0.0,0.0,0.0,3.1191006601731592,3.1757931529581525,0.0,0.0,0.0,0.0,3.0991526552336564,0.0,0.0,0.0,0.0,0.0,3.1338177777777685,0.0,0.0,0.0,0.0,0.0,0.0,0.0,0.0,0.0,0.0,0.0,3.0620000000000074,0.0,0.0,3.118853699134201,3.040767142081303,0.0,0.0,3.08532266666667,3.081977000000006,2.9717999999999862,0.0,0.0,0.0,0.0,0.0,0.0,0.0,3.082980476190479,3.1253397142857335,0.0,3.1090244403109044,0.0,0.0,0.0,0.0,3.10324000000002,0.0,0.0,0.0,0.0,0.0,3.0836776190476174,0.0,0.0,0.0,0.0,3.1229399999999954,3.143680000000003,3.09947034920634,0.0,0.0,3.1303293333333464,0.0,0.0,0.0,0.0,3.1219616666666816,0.0,0.0,0.0,0.0,0.0,0.0,0.0,3.1356523809523806,0.0,0.0,0.0,0.0,0.0,0.0,3.098200000000004,0.0
18,18,3.15,0.0,0.0,3.1772300000000206,3.169598253968256,0.0,0.0,0.0,0.0,3.2044183333333423,0.0,0.0,3.212000000000004,0.0,3.158962326839824,0.0,3.1366390238095283,0.0,0.0,3.2247253333333403,0.0,3.2022900000000205,0.0,0.0,0.0,3.281340000000012,3.172378444444435,0.0,3.2554252759462776,0.0,0.0,0.0,3.1028691888666913,0.0,3.1687942820512855,0.0,0.0,0.0,0.0,3.2139730000000064,0.0,0.0,3.042657142081303,3.176491857142866,0.0,0.0,0.0,3.097199999999985,0.0,0.0,0.0,0.0,3.2646830000000104,0.0,0.0,3.1596061428571454,0.0,3.252479771450779,0.0,0.0,0.0,0.0,3.2213000000000145,0.0,0.0,0.0,0.0,3.190618293650794,0.0,0.0,0.0,0.0,0.0,0.0,0.0,0.0,3.1704120158730085,0.0,3.166388666666671,0.0,0.0,0.0,0.0,0.0,3.1212416666666813,3.3163546666666686,0.0,3.2321832698412756,0.0,0.0,0.0,0.0,0.0,0.0,0.0,3.215562468253975,3.2071370000000097,3.1562169047619046,0.0,0.0,0.0
19,19,3.35,0.0,0.0,0.0,3.4827617380952383,3.2121283333333412,0.0,0.0,0.0,0.0,3.468180000000016,3.370659428571435,0.0,0.0,0.0,0.0,0.0,0.0,3.8129341904762026,0.0,3.3999132256012032,0.0,0.0,0.0,0.0,0.0,0.0,3.339360833333341,0.0,0.0,0.0,0.0,0.0,3.1821950000000117,0.0,3.0888600000000013,0.0,3.2426800000000093,0.0,0.0,0.0,0.0,3.369524291967301,3.510590238095247,0.0,0.0,0.0,3.3253599999999945,0.0,0.0,3.5579885858585865,0.0,0.0,0.0,0.0,3.270786333333337,0.0,0.0,0.0,0.0,0.0,0.0,0.0,0.0,0.0,0.0,0.0,0.0,0.0,3.389223333333342,3.292338875901876,0.0,0.0,3.303514023809529,0.0,3.7814800000000113,0.0,3.5357600000000162,0.0,0.0,0.0,0.0,3.660169904761914,0.0,0.0,0.0,3.534662222222227,0.0,0.0,0.0,0.0,3.575724142857147,3.5609523809523806,0.0,3.8012133333333527,0.0,0.0,3.322255047619057,0.0,0.0,0.0
20,20,4.5,0.0,0.0,0.0,0.0,3.4420616666666746,0.0,0.0,3.3432799999999956,0.0,0.0,0.0,3.363679999999998,0.0,0.0,0.0,0.0,0.0,0.0,3.805615904761918,0.0,0.0,0.0,3.726351904761917,0.0,0.0,0.0,4.097105000000023,0.0,3.6910515714285683,0.0,0.0,0.0,3.652035000000015,3.712915833333337,3.3178800000000024,0.0,3.701300000000009,0.0,0.0,0.0,0.0,3.747931642857152,0.0,0.0,3.6582007142857096,0.0,0.0,0.0,0.0,0.0,0.0,0.0,3.8595466666666765,0.0,0.0,3.6571399999999943,0.0,0.0,3.698379999999993,3.9709200000000164,0.0,0.0,0.0,3.7912460000000046,0.0,0.0,0.0,3.6711363346098413,0.0,0.0,3.5336962049062066,3.8163266666666855,0.0,0.0,0.0,0.0,3.970700000000022,0.0,0.0,0.0,3.2838979841269857,0.0,0.0,0.0,0.0,0.0,0.0,0.0,0.0,0.0,0.0,0.0,3.8704600000000093,0.0,0.0,0.0,3.4099181428571557,0.0,0.0,0.0
21,21,-0.74,0.0,0.0,0.0,0.0,0.0,0.0,0.0,0.0,0.0,0.0,0.0,-0.377319999999998,0.0,0.0,-0.28337286724386707,0.0,0.0,0.0,0.0,-0.17078215482556658,0.0,0.0,-0.3639473333333323,0.0,0.0,-0.12743999999999914,0.0,-0.3276002857142844,0.0,0.0,0.0,0.0,0.0,0.0,0.0,0.0,-0.06377999999999982,-0.23776000000000017,-0.3389799999999991,0.0,0.0,0.0,0.0,0.0,0.0,0.0,0.0,0.0,0.0,0.0,0.0,0.0,0.0,-0.3427299999999989,0.0,-0.4224099999999991,0.0,0.0,0.0,-0.15488000000000024,-0.2863779047619047,0.0,0.0,0.0,0.0,0.0,0.0,0.0,0.0,0.0,0.0,0.0,0.0,0.0,0.0,-0.4042799999999993,0.0,0.0,0.0,-0.025872614336643757,0.0,-0.37508090476190425,-0.3962572857142843,-0.3208199999999993,-0.2900283333333326,0.0,0.0,0.0,-0.23210415151515112,0.0,0.0,-0.32681333333333235,0.0,0.0,-0.33712064285714166,-0.3184149999999991,0.0,0.0,0.0,-0.40265999999999824
22,22,-0.3,0.19549733333333275,0.0,0.0,0.0,0.0,0.010937301587301596,-0.06501701587301578,0.0,0.0,0.0,0.01942495238095234,0.0,0.0,0.0,0.0,0.0,0.0,-0.14976588888888898,0.0,0.0,0.08112710750360767,0.0,0.0,0.0,0.0,0.0,0.0,0.0,-0.048632547619047534,0.0,-0.26102809523809484,0.0,0.0,0.0,0.0,0.0,0.053060000000000426,0.0,-0.03336000000000006,0.0,-0.19452247619047608,0.0,0.0,0.0,0.0,0.0,0.0,0.0,0.0,0.0,0.0,0.0,-0.05045999999999974,0.037500833333333324,-0.055041285714285654,0.0,0.0,0.0,0.0,0.0,0.0,0.0,0.05242000000000028,0.0,0.0,0.0,0.0,0.0,0.0,0.0,0.0,0.0,-0.2073698571428565,0.0,0.04006000000000011,0.0,0.0,0.0,0.0,0.08582266566113618,0.0,0.0,0.0,0.0,-0.05339833333333316,0.046902333333333504,0.0,-0.15687069047619007,0.0,0.0,0.0,0.0,0.1440449999999997,-0.14007833333333397,0.0,0.044598000000000304,0.0,0.0,0.011200000000000003,0.0
23,23,0.25,0.0,0.0,0.22795999999999972,0.0,0.0,0.0,0.0,0.0,0.31438712053306217,0.0,0.33827988095238176,0.0,0.0,0.0,0.0,0.0,0.0,0.0,0.3316310714285721,0.4883057195353665,0.0,0.0,0.0,0.4024978761927306,0.28862199999999977,0.30414415873015915,0.0,0.28629500000000013,0.0,0.0,0.0,0.0,0.1401999999999993,0.0,0.0,0.0,0.0,0.0,0.0,0.0,0.0,0.0,0.0,0.26832,0.0,0.0,0.0,0.0,0.27258833333333304,0.27073204761904734,0.0,0.0,0.23659904761904765,0.0,0.0,0.2708732857142856,0.0,0.0,0.38270000000000026,0.0,0.3100649841269839,0.0,0.0,0.0,0.0,0.0,0.0,0.4300596743212932,0.0,0.0,0.0,0.0,0.0,0.32146000000000036,0.0,0.0,0.0,0.0,0.3093685079365081,0.0,0.0,0.0,0.0,0.0,0.0,0.0,0.0,0.0,0.0,0.0,0.0,0.0,0.3593270000000007,0.0,0.40894257518797056,0.0,0.3130489523809524,0.3810286666666678,0.0,0.31648000000000076
24,24,0.05,0.274975619047619,0.1436577619047618,0.0,0.0,0.0,0.2891831984126982,0.0,0.0,0.0,0.0,0.0,0.0,0.0,0.0,0.2338934666576666,0.0,0.0,0.0,0.0,0.33299303007123565,0.0,0.25249158730158733,0.0,0.0,0.0,0.0,0.0,0.0,0.2320863095238101,0.0,0.0,0.0,0.0,0.0,0.19485366666666676,0.0,0.0,0.0,0.2654200000000003,0.0,0.20898452457611078,0.0,0.0,0.0,0.0,0.23571761904761915,0.0,0.0,0.0,0.0,0.0,0.0,0.0,0.2724879047619046,0.0,0.0,0.29045008373652514,0.0,0.2844800000000007,0.0,0.0,0.0,0.0,0.0,0.0,0.0,0.0,0.0,0.0,0.0,0.0,0.0,0.0,0.0,0.0,0.0,0.0,0.3028533333333334,0.0,0.0,0.0,0.0,0.2882941587301589,0.0,0.0,0.0,0.0,0.2550292857142856,0.0,0.0,0.0,0.0,0.0,0.0,0.0,0.0,0.0,0.0,0.0,0.0
25,25,0.84,0.0,0.0,0.0,0.0,0.0,0.7679584227994235,0.7763929047619045,0.0,0.7901479514766283,0.0,0.0,0.0,0.0,0.0,0.0,0.8117986190476187,0.0,0.8251746666666684,0.0,0.0,0.0,0.0,0.0,0.0,0.0,0.0,0.0,0.0,0.0,0.8197655354227812,0.0,0.0,0.0,0.0,0.0,0.0,0.7238399999999988,0.0,0.8122676984126951,0.7592287351537326,0.0,0.0,0.0,0.0,0.0,0.762203928571431,0.0,0.0,0.0,0.7002527784992791,0.7683233333333328,0.0,0.8079603196248208,0.0,0.0,0.0,0.7806461740974052,0.0,0.0,0.0,0.0,0.7828861904761901,0.0,0.0,0.0,0.0,0.0,0.0,0.8129456218487398,0.0,0.0,0.6780287419802438,0.0,0.0,0.0,0.0,0.0,0.0,0.8614986666666671,0.0,0.7945185396825403,0.7118936111111098,0.8194002857142839,0.0,0.751348427064766,0.0,0.0,0.7886616666666676,0.0,0.0,0.7510818571428578,0.0,0.0,0.0,0.0,0.0,0.0,0.9021871370851345,0.0,0.0
26,26,0.35,0.3846847142857134,0.0,0.0,0.7007586442577022,0.0,0.7008507063492065,0.7436884480519488,0.7518399999999987,0.7393399554203958,0.6557099999999993,0.0,0.0,0.0,0.0,0.7435079502471068,0.7434876190476187,0.0,0.0,0.58171080952381,0.0,0.0,0.0,0.0,0.0,0.6989460769230772,0.0,0.0,0.0,0.0,0.0,0.0,0.0,0.0,0.8923930533910516,0.6392164230769228,0.717304761904761,0.0,0.8667599999999995,0.7334344761904736,0.0,0.0,0.0,0.0,0.0,0.0,0.0,0.0,0.0,0.0,0.0,0.0,0.0,0.6247564999999994,0.0,0.0,0.0,0.7623656778149612,0.7066535018170367,0.0,0.0,0.0,0.0,0.77492933333333,0.0,0.0,0.0,0.6983422142857139,0.0,0.6964924307359299,0.0,0.0,0.6855567485292485,0.0,0.7281399999999989,0.0,0.0,0.0,0.0,0.6895666666666669,0.0,0.0,0.6489866363636354,0.0,0.0,0.0,0.0,0.0,0.0,0.0,0.0,0.0,0.5800439603174606,0.0,0.0,0.0,0.6485712417027414,0.0,0.0,0.7293599999999986,0.6148823809523806
27,27,1.51,0.0,0.0,0.0,0.0,0.0,1.0763639047619047,0.0,0.0,0.0,1.0844026666666653,0.0,0.0,0.0,0.0,0.0,0.0,0.0,0.0,0.0,0.0,0.0,0.0,0.0,0.0,0.0,0.0,0.0,1.1705519912864901,1.1156028095238093,0.0,0.0,0.0,1.076873904761902,0.0,1.2213621746031729,0.0,0.0,0.0,1.1047212820512797,0.0,0.0,1.0873896825656102,0.0,1.1080479999999964,0.0,0.0,1.19548,1.0928101428571417,0.0,0.0,1.187583510101008,1.0905176065274584,0.0,1.1527226475468983,1.2197204196081686,1.1043065555555542,1.0230232901081293,0.0,0.0,0.0,1.0393574761904745,0.0,1.2512299018759,0.0,0.0,1.3243429523809525,0.0,0.0,0.0,0.0,0.0,0.0,1.1651030952380956,0.0,0.0,0.0,0.0,0.0,0.0,0.0,0.0,0.0,0.0,0.0,0.0,0.0,0.0,0.0,1.029600688213098,1.1080523333333319,0.0,1.0835128066378052,0.0,0.0,0.0,0.0,0.0,0.0,1.1090999999999995,0.0
28,28,1.5,0.0,0.0,0.0,0.0,1.3302793795093781,0.0,0.0,0.0,0.0,0.0,0.0,0.0,0.0,0.0,1.3407472631402937,0.0,0.0,0.0,0.0,0.0,0.0,0.0,0.0,0.0,0.0,1.5999761709956737,0.0,1.2724230276507127,0.0,1.3972918964420513,0.0,0.0,0.0,0.0,0.0,0.0,0.0,0.0,1.3126416666666656,0.0,0.0,0.0,0.0,0.0,0.0,0.0,1.1400199999999994,0.0,0.0,0.0,1.4238391190476174,1.4497111395042876,0.0,0.0,0.0,0.0,0.0,0.0,0.0,0.0,0.0,0.0,0.0,0.0,1.5798073155806216,0.0,0.0,0.0,1.4872296825396831,0.0,0.0,0.0,1.3558742380952375,1.3447600000000002,1.2908542857142853,0.0,1.2107499999999982,1.3996973917193913,0.0,0.0,0.0,0.0,0.0,0.0,0.0,0.0,0.0,0.0,0.0,1.1654663333333322,0.0,0.0,0.0,0.0,0.0,0.0,0.0,0.0,0.0,0.0
29,29,2.03,0.0,0.0,0.0,1.89919533220772,0.0,0.0,0.0,0.0,0.0,0.0,0.0,0.0,0.0,0.0,0.0,1.7778361904761897,0.0,0.0,0.0,0.0,0.0,0.0,1.7002186190476174,0.0,0.0,0.0,0.0,0.0,0.0,1.919473937822154,1.85216587012987,1.7314262730812358,1.67971781746032,0.0,0.0,0.0,0.0,1.9260199999999992,0.0,1.7828329393939357,0.0,0.0,1.7240892380952395,1.7608399999999966,0.0,0.0,1.7909799999999978,1.7491468809523807,0.0,0.0,0.0,0.0,0.0,0.0,0.0,0.0,0.0,0.0,0.0,0.0,1.6857312460317444,0.0,0.0,1.7361317482461975,0.0,1.9460967142857144,0.0,0.0,0.0,1.7166495158730146,1.7928506967476967,1.8083411322696896,0.0,0.0,0.0,1.8785283943833944,1.7120999999999995,0.0,1.8027664761904754,0.0,1.9641486269841266,0.0,0.0,2.211147595238095,0.0,0.0,0.0,1.613358571428572,0.0,1.933162500000002,1.780902857142854,0.0,0.0,0.0,0.0,1.8612928023088005,0.0,0.0,0.0,2.0355106666666636
30,30,1.98,0.0,1.8794193333333356,0.0,0.0,0.0,0.0,0.0,0.0,0.0,0.0,1.7443341450216485,1.8435858253968356,0.0,0.0,0.0,0.0,0.0,0.0,0.0,1.8345289614584503,0.0,0.0,0.0,1.7327660613750953,1.8026519599844677,0.0,0.0,0.0,0.0,0.0,0.0,0.0,0.0,0.0,0.0,0.0,0.0,0.0,1.7869736759906865,0.0,0.0,0.0,0.0,0.0,0.0,0.0,1.6764000000000046,0.0,0.0,0.0,0.0,0.0,1.909617110500621,0.0,1.8884721885320594,1.896118406189794,0.0,1.62241433044415,0.0,0.0,1.7481695476190497,0.0,0.0,0.0,1.87164025548386,0.0,0.0,0.0,0.0,1.875593928571433,1.8898295807134042,1.7814741868262516,0.0,0.0,0.0,0.0,0.0,0.0,0.0,0.0,0.0,0.0,0.0,1.8901006034765964,1.836762657195754,0.0,0.0,1.8078993095238134,1.8407623068255996,0.0,0.0,0.0,0.0,1.9212345512706328,0.0,0.0,0.0,1.7441460737775325,0.0,0.0
31,31,1.98,0.0,0.0,0.0,0.0,1.7065258968253996,0.0,0.0,0.0,1.8172995436916943,0.0,1.706635645021647,0.0,0.0,0.0,1.6496058854237305,0.0,0.0,0.0,0.0,0.0,0.0,0.0,0.0,1.7019755732850994,0.0,0.0,0.0,1.83412606000725,1.7489184285714303,0.0,1.8648606653167135,0.0,0.0,1.8150278127150719,0.0,0.0,0.0,0.0,1.7791536759906865,0.0,0.0,0.0,0.0,0.0,1.7449492007583092,0.0,1.6499200000000014,0.0,0.0,0.0,1.8634187799422908,0.0,0.0,1.8739893323343413,0.0,0.0,1.787187629291552,1.585423893335507,0.0,1.7858208001998062,0.0,0.0,0.0,0.0,0.0,0.0,1.820598798701302,0.0,0.0,0.0,0.0,0.0,0.0,0.0,0.0,0.0,0.0,0.0,0.0,0.0,0.0,0.0,0.0,0.0,0.0,0.0,1.659066111111113,0.0,0.0,0.0,0.0,0.0,0.0,0.0,0.0,0.0,1.711010839878013,0.0,0.0,0.0
32,32,1.97,0.0,1.8596331904761931,0.0,0.0,1.7314348968253992,0.0,0.0,0.0,0.0,0.0,0.0,0.0,0.0,1.8916469427794487,0.0,1.9203199603174657,1.8528871454194686,1.9474516190476252,1.890163380952387,0.0,1.90946316458542,0.0,0.0,0.0,0.0,1.8483992128427187,0.0,0.0,1.8109964761904787,0.0,0.0,0.0,0.0,0.0,0.0,0.0,0.0,0.0,0.0,0.0,0.0,0.0,0.0,0.0,1.77630697059958,0.0,1.68098,1.914427595238104,0.0,0.0,0.0,0.0,0.0,0.0,0.0,0.0,0.0,1.6088818272055585,0.0,1.8277296097236155,1.7553168333333353,0.0,1.918394867382627,0.0,0.0,0.0,0.0,0.0,1.8694899767177344,0.0,1.8898295807134042,1.7825675201595843,1.8388286904761968,0.0,1.900954285714295,0.0,0.0,0.0,0.0,0.0,0.0,0.0,0.0,0.0,0.0,1.8918435286321929,1.720150134920637,1.81222297619048,0.0,0.0,0.0,0.0,1.8855673577370402,0.0,1.8774521481413367,0.0,0.0,1.75376931187277,0.0,0.0
33,33,2.62,1.9195841904761888,0.0,2.5513774285714335,0.0,2.1583614358974317,0.0,0.0,0.0,0.0,0.0,0.0,0.0,0.0,0.0,0.0,0.0,2.4055013558082963,0.0,0.0,0.0,0.0,2.6228829761904757,0.0,0.0,0.0,0.0,0.0,2.435046206349208,2.542712380952382,0.0,0.0,0.0,0.0,0.0,0.0,0.0,0.0,0.0,0.0,2.590818880952387,0.0,0.0,0.0,0.0,0.0,0.0,0.0,0.0,0.0,0.0,0.0,0.0,0.0,0.0,0.0,0.0,0.0,0.0,0.0,0.0,0.0,0.0,0.0,0.0,2.5200255604395605,0.0,0.0,0.0,0.0,0.0,2.428118422077924,2.374925206349209,0.0,2.30128,0.0,0.0,0.0,0.0,0.0,0.0,0.0,0.0,0.0,0.0,2.3599722034632014,2.5446893412698457,2.394677111111113,0.0,2.3120623885566927,0.0,0.0,0.0,0.0,0.0,0.0,0.0,0.0,0.0,0.0,2.5878470000000067
34,34,0.1,0.0,0.0,0.0,0.0,0.0,0.0,0.0,0.0,0.0,-0.21891999999999948,0.0,-0.1683799999999991,0.0,0.0,0.0,-0.28454080952380906,0.0,-0.2459509841269838,0.0,0.0,-0.020798416305916334,-0.26164466666666625,0.0,0.0,0.0,0.0,0.0,0.0,0.0,-0.28860098196248163,-0.24686890476190423,0.0,0.0,0.0,-0.2128899999999995,0.0,0.0,0.0,0.0,0.0,-0.18408686507936506,0.0,0.0,0.0,0.0,0.0,0.0,0.0,0.0,0.0,0.0,0.0,0.0,0.0,0.0,-0.20185999999999915,0.0,0.0,0.0,0.0,0.0,0.0,0.0,0.0,-0.20671333333333236,0.0,-0.26834213492063463,0.0,0.0,-0.19749146031746004,0.0,0.0,-0.18374333333333265,-0.22667999999999935,0.0,0.0,0.0,-0.2752599999999997,0.0,0.0,0.0,0.0,-0.24930961904761778,0.0,0.0,0.0,0.0,-0.2336653571428565,0.0,0.0,0.0,0.0,0.0,-0.2650453333333334,-0.21904630952380896,0.0,-0.32083999999999957,0.0,0.0,-0.25779999999999925
35,35,0.46,0.0,0.0,0.701402222222221,0.0,0.0,0.613432972860473,0.6454428246753252,0.0,0.0,0.0,0.0,0.6244653333333338,0.0,0.0,0.0,0.0,0.0,0.7068095952380951,0.0,0.698470240518437,0.0,0.0,0.0,0.6455188817431651,0.6033815722610721,0.0,0.0,0.0,0.0,0.0,0.0,0.6446573675094681,0.0,0.8360980854978368,0.0,0.0,0.0,0.0,0.0,0.0,0.5980750477695868,0.0,0.0,0.0,0.0,0.7690325952380964,0.0,0.0,0.0,0.585154184704185,0.0,0.0,0.0,0.0,0.0,0.6964767777777782,0.6355303648680469,0.0,0.0,0.0,0.6215128492063495,0.0,0.0,0.0,0.664975441558441,0.0,0.0,0.0,0.0,0.0,0.0,0.0,0.0,0.0,0.0,0.0,0.5669199999999995,0.0,0.0,0.0,0.0,0.0,0.6186914920634913,0.7825219301918391,0.0,0.0,0.0,0.0,0.0,0.0,0.0,0.6874143571428563,0.0,0.0,0.0,0.0,0.5983550853590847,0.0,0.0,0.0
36,36,0.89,0.0,0.6185275714285703,0.7085788888888879,0.0,0.0,0.0,0.0,0.0,0.0,0.0,0.0,0.7097166666666668,0.0,0.0,0.0,0.0,0.0,0.7048298095238107,0.0,0.0,0.0,0.6912043333333328,0.0,0.0,0.0,0.6868346031746028,0.0,0.0,0.0,0.6544332280823739,0.730236279220779,0.0,0.6028149694749692,0.0,0.7158418253968248,0.8193811428571415,0.0,0.6883599999999996,0.0,0.0,0.0,0.0,0.0,0.0,0.7435399444444436,0.6810295000000004,0.0,0.0,0.6315996190476193,0.0,0.0,0.0,0.7475393253968259,0.0,0.0,0.7754502063492055,0.0,0.7314329952846716,0.0,0.7187731544011534,0.0,0.0,0.0,0.0,0.0,0.0,0.0,0.0,0.0,0.7501168253968242,0.0,0.6923326666666672,0.6809338809523802,0.0,0.0,0.7426974999999979,0.0,0.0,0.0,0.0,0.0,0.667025952380952,0.0,0.0,0.0,0.6055308071928075,0.754496373015873,0.7464910000000005,0.0,0.6438324761904745,0.0,0.7686023484848481,0.0,0.0,0.0,0.0,0.0,0.0,0.0,0.0
37,37,0.94,0.0,1.174131943722945,0.0,1.1894600209998973,0.0,0.0,0.0,0.0,0.0,0.0,0.0,0.0,0.0,0.0,1.132774011181413,0.0,0.0,1.1001044761904761,0.0,0.0,0.0,0.0,0.0,0.0,0.0,1.195751373015874,0.0,0.0,0.0,0.0,0.0,0.0,0.0,0.0,0.0,0.0,0.0,1.341300000000001,0.0,1.1469762106227088,1.20126712074394,0.0,0.0,1.0854359999999967,0.0,0.0,1.208,0.0,0.0,0.0,1.0082133333333305,0.0,0.0,0.0,0.0,1.0580659047619034,0.0,1.357371637012238,0.0,0.0,0.0,0.0,1.1227353939393923,0.0,0.0,1.3861498571428592,1.2696725714285715,1.1544390195785126,0.0,0.0,0.0,1.3187125384745968,1.1727290000000004,0.0,0.0,0.0,0.0,0.0,0.0,0.0,1.3235528174603173,0.0,0.0,0.0,0.0,1.1295738545285112,0.0,0.0,0.0,0.0,1.2245302857142844,0.0,0.0,0.0,0.0,1.2056982041847033,0.0,0.0,0.0,0.0
38,38,2.11,0.0,0.0,0.0,1.7692344048967925,0.0,0.0,1.9706438949208693,0.0,0.0,1.909725222222228,0.0,0.0,1.8822220952380988,1.8558150045232573,0.0,0.0,1.9150192471948586,0.0,0.0,0.0,0.0,0.0,0.0,0.0,0.0,1.8908716481296493,1.9067125181280766,1.9577959960156834,0.0,0.0,0.0,0.0,0.0,2.0494833445998464,0.0,0.0,0.0,0.0,0.0,1.9016909704184741,1.9345602301268876,0.0,0.0,0.0,0.0,0.0,0.0,1.958850642857148,1.895401260492533,1.8384340731490765,0.0,0.0,0.0,0.0,0.0,0.0,0.0,0.0,1.941466190476198,0.0,1.8464446428571442,0.0,0.0,1.901057642546348,0.0,1.892067000000006,1.8554657619047636,1.7525225653800518,1.8695665119047655,0.0,0.0,1.8831334086044693,1.8260874285714308,0.0,1.8918342857142927,0.0,0.0,1.9817983972694018,1.9377330952380987,0.0,0.0,0.0,1.9403460079365136,0.0,0.0,0.0,1.7668815483405473,0.0,0.0,0.0,0.0,1.791415416500171,0.0,0.0,0.0,1.8469140388909402,1.7406688153110774,1.6753551848886437,1.8959000000000092,1.8943071471861523
39,39,0.59,0.0,0.0671408095238097,0.0,0.0,0.0,0.0,0.07251521428571436,0.0,0.2611409682539681,0.0,0.0,0.10360000000000015,0.0,0.0,0.0,0.0,0.0,0.0,0.0,0.0,0.11977162121212098,0.0,0.0,0.0,0.18896697619047587,0.0,0.04415333333333338,0.0,0.0,0.0,0.12412480952380901,0.0,0.10769000000000005,0.3085682424242425,0.0,0.0,0.0,0.0,0.0,0.0,0.13927236524586498,0.09780717915417907,0.07120995238095226,0.0,0.0,0.0,0.0,0.0,0.0,0.0,0.012139999999999975,0.0,0.0,0.0,0.07926461904761897,0.0,0.0,0.0,0.0,0.0,0.0,0.0,0.0,0.0,0.0,0.0,0.045274087301587315,0.0,0.0,0.0,0.0,0.0,0.0,0.0,0.22539999999999924,0.0,0.0,0.0,0.0,0.10129427749374803,0.0,0.0,0.0,0.0,0.0,0.0,0.0,0.0,0.0,0.0,0.06784585714285728,0.0,0.0,0.1942926666666663,0.0,0.0,0.0,0.0,0.0,0.0
40,40,0.88,0.0,0.0,0.0,0.0,0.741115769841268,0.5566507427017436,0.6050298643578648,0.0,0.0,0.0,0.0,0.0,0.7036071904761897,0.5970683679653678,0.0,0.7146266666666662,0.0,0.0,0.0,0.0,0.6151756525027265,0.0,0.5930919047619047,0.710609292239102,0.0,0.0,0.0,0.0,0.0,0.0,0.0,0.0,0.0,0.6118352305194817,0.0,0.0,0.6008399999999988,0.0,0.0,0.0,0.0,0.0,0.0,0.5909399999999999,0.0,0.0,0.6501399999999993,0.0,0.6731313809523819,0.0,0.0,0.0,0.0,0.5085179783549776,0.0,0.0,0.5977526290892057,0.0,0.0,0.0,0.6409591666666669,0.0,0.0,0.5289497475857478,0.0,0.0,0.0,0.0,0.0,0.7395103888888879,0.0,0.515398492063492,0.0,0.0,0.5460399999999989,0.0,0.6042799999999994,0.668241722222221,0.0,0.0,0.0,0.0,0.0,0.0,0.6413124270647652,0.0,0.0,0.0,0.0,0.0,0.6113583809523804,0.0,0.7062307380952364,0.6093752380952382,0.0,0.0,0.0,0.0,0.5032799999999988,0.0
41,41,1.48,0.0,0.0,0.0,0.0,0.0,0.0,0.0,0.0,0.0,0.0,1.8014838989899,0.0,0.0,0.0,0.0,0.0,0.0,0.0,0.0,1.896285378047365,0.0,0.0,0.0,0.0,0.0,1.7762188869463857,0.0,0.0,1.8297376428571412,0.0,0.0,2.0185139872426343,0.0,2.066442922799421,0.0,1.683050166666668,1.829653333333336,1.8639999999999999,1.7470329999999974,0.0,0.0,0.0,0.0,0.0,0.0,0.0,0.0,0.0,0.0,0.0,1.8385399999999998,0.0,1.9022883972971465,0.0,0.0,0.0,0.0,0.0,0.0,0.0,0.0,0.0,1.776521857142854,0.0,0.0,1.7071430000000014,0.0,1.7079679422909917,0.0,0.0,0.0,1.8222688065953683,0.0,0.0,0.0,0.0,0.0,0.0,0.0,0.0,1.7804855476190469,1.9126844164599592,0.0,2.060106574117056,1.7550168447859367,1.7973206101617671,0.0,0.0,1.7607105450421292,1.7181728064713058,0.0,0.0,0.0,0.0,0.0,0.0,0.0,0.0,0.0,2.054912339105337
42,42,-0.24,0.0,0.0,0.0,0.0,0.0,0.28834433333333326,0.0,0.0,0.1745450158730156,0.21298,0.24623576190476218,0.0,0.3079751190476193,0.0,0.0,0.0,0.2629515261505783,0.0,0.0,0.0,0.0,0.0,0.0,0.0,0.1423349761904758,0.0,0.0,0.0,0.0,0.0,0.0,0.0,0.0,0.2587769090909091,0.0,0.0,0.0,0.0,0.0,0.0,0.0,0.0,0.0,0.0,0.31069103174603213,0.0,0.0,0.28013744444444477,0.0,0.0,0.0,0.0,0.0,0.3222067460317458,0.0,0.0,0.30162832993803584,0.0,0.0,0.0,0.0,0.32042666666666714,0.2775000000000003,0.2876996190476191,0.0,0.0,0.0,0.0,0.0,0.0,0.2451332142857144,0.3073463333333338,0.0,0.28302000000000055,0.1766599999999993,0.24503904761904743,0.0,0.0,0.0,0.0,0.0,0.0,0.0,0.3641790000000005,0.0,0.260855818181818,0.21259074603174613,0.0,0.1754182292250234,0.0,0.0,0.2277044523809528,0.24552533333333298,0.1406159999999997,0.0,0.0,0.0,0.0,0.0,0.0
43,43,0.29,0.0,0.0,0.7390168888888874,0.7519475977793275,0.6102363333333337,0.0,0.0,0.0,0.0,0.0,0.0,0.0,0.638136849206349,0.0,0.0,0.7238779999999997,0.0,0.7301656904761908,0.0,0.7033612200219925,0.0,0.0,0.0,0.0,0.0,0.0,0.6023009047619042,0.0,0.0,0.6767999041843774,0.0,0.0,0.0,0.0,0.0,0.0,0.0,0.0,0.0,0.0,0.0,0.0,0.6913794285714273,0.0,0.6968869188034185,0.0,0.5611600000000003,0.6689650952380947,0.6895673809523811,0.0,0.0,0.6577385238095227,0.0,0.0,0.5718766139971134,0.0,0.0,0.0,0.0,0.0,0.0,0.0,0.778015999999998,0.0,0.6411204956709955,0.0,0.0,0.6678781399697938,0.0,0.6276588253968256,0.0,0.0,0.0,0.0,0.0,0.0,0.0,0.5956998809523802,0.0,0.0,0.0,0.0,0.0,0.8364859694973045,0.0,0.0,0.6256787301587305,0.0,0.7243225594912831,0.6996689999999981,0.0,0.0,0.5482015000000003,0.0,0.7965284573759571,0.0,0.0,0.7678046132756106,0.0,0.0
44,44,0.84,0.0,0.8999960865800829,0.0,0.9888654047968687,0.0,0.0,0.992624542069041,0.0,0.0,0.9124899999999958,0.0,0.9268743730158695,0.0,0.0,0.0,0.0,0.0,0.0,0.0,0.0,0.0,0.0,0.9503366666666635,0.9741437905062286,0.0,0.0,0.0,0.0,0.0,0.9782309001586639,0.0,0.0,0.0,0.0,0.0,0.0,0.0,0.0,0.0,0.0,0.0,0.0,0.0,0.0,0.0,1.2307372983650373,0.0,0.8701166666666627,1.2446456964701993,0.0,0.0,0.0,0.0,0.0,0.0,0.9011512460317421,0.0,0.9798436339193856,0.0,0.0,0.0,0.0,1.1525641082251061,0.0,0.9239514645705147,0.9217001666666633,0.0,0.0,0.9830332726014932,0.0,0.0,0.0,0.0,0.0,0.9454599999999956,0.0,0.0,0.9513869255189228,0.0,0.0,0.0,0.0,0.0,0.0,0.0,0.0,0.0,0.0,0.9415743535044431,0.0,0.0,0.0,0.0,0.9283940415336268,1.2835028915382867,0.0,0.0,0.0,0.0,0.0
45,45,0.82,0.8354633333333298,0.0,0.9518563174603097,0.0,1.024681619047614,0.0,0.0,1.0243799999999932,0.0,0.0,0.0,0.0,0.0,0.9718848636363604,0.0,0.0,1.022247991397575,0.9972934761904726,0.0,0.0,0.0,0.0,0.0,0.0,0.0,0.9959746176046134,0.9944237985347921,0.0,0.0,0.0,0.0,0.0,0.0,0.0,1.0286675067710023,0.0,0.0,0.0,0.0,0.0,0.0,0.9720706440587314,0.0,0.0,0.0,1.275903712481965,0.0,0.0,1.26703488944389,0.0,0.0,0.0,0.0,0.9073266035075986,0.0,0.0,0.0,0.0,0.0,0.0,0.0,0.0,1.2038583939393923,0.0,0.0,0.0,0.0,0.0,0.0,0.0,0.9754094043179037,0.0,0.0,0.0,0.0,0.0,0.0,0.0,1.0398450952380913,1.0386224778293287,0.9953029920634905,0.0,0.0,1.0808724450103517,0.9805750320153663,0.0,0.0,0.0,0.0,0.0,0.0,0.9756016537351482,0.0,0.0,1.4044721423547213,0.0,0.0,1.10320740013581,0.0,0.0
46,46,1.38,0.0,0.0,1.7227618638028601,1.5476301593162818,1.7118200535020514,1.7107711969696962,1.709475585359085,0.0,0.0,0.0,1.724390724386724,1.626725063492063,0.0,1.7698107253122675,0.0,0.0,1.7088700035145905,0.0,0.0,0.0,0.0,0.0,0.0,1.6478084765283838,0.0,0.0,0.0,1.752455318292817,0.0,1.6576943799414556,1.6284143715728707,0.0,0.0,0.0,0.0,0.0,0.0,0.0,0.0,0.0,1.753096303392739,0.0,1.6741352683982709,1.6218499999999971,1.6284855972132437,0.0,0.0,0.0,0.0,0.0,0.0,1.695556376467017,0.0,0.0,0.0,1.743015103773247,0.0,0.0,0.0,1.6252508348318329,0.0,0.0,0.0,0.0,1.576186898895994,0.0,0.0,1.7223019753205775,0.0,0.0,0.0,0.0,0.0,0.0,0.0,0.0,0.0,0.0,1.6320846190476188,0.0,0.0,0.0,1.6068204047619035,0.0,1.6861690216450187,0.0,1.6564897142857151,0.0,0.0,0.0,0.0,0.0,0.0,0.0,1.7353487041817826,0.0,0.0,1.7410050714285694,0.0,0.0
47,47,1.98,0.0,0.0,0.0,0.0,0.0,0.0,0.0,2.2105199999999963,2.2522802987012938,2.1884022222222193,0.0,0.0,2.1286358116883126,2.197161702741701,0.0,2.1170754761904758,0.0,2.3015886904761915,0.0,0.0,0.0,0.0,0.0,0.0,2.1129211312576275,2.1570329523809475,0.0,0.0,2.046548190476185,0.0,2.21320874314574,0.0,0.0,0.0,0.0,0.0,0.0,0.0,0.0,0.0,0.0,0.0,0.0,2.356079999999999,0.0,0.0,0.0,0.0,2.0888450089113757,0.0,0.0,0.0,2.066889816849813,0.0,0.0,0.0,2.0104216111990616,2.1663580935519935,0.0,0.0,0.0,2.2570419999999976,0.0,0.0,0.0,0.0,2.1311687857142863,2.0809244411771752,0.0,0.0,1.923511698540021,0.0,0.0,0.0,0.0,2.2333056666666646,2.2674599999999976,2.2330961002885936,2.109197285714285,0.0,2.1953078571428586,1.8852139307359292,2.3221596666666664,2.3412718571428544,2.092687155844151,0.0,0.0,0.0,0.0,2.3649034999999965,2.132964285714284,0.0,0.0,0.0,0.0,0.0,0.0,0.0,0.0,0.0
48,48,1.63,0.0,0.0,0.0,0.0,0.0,0.0,0.0,0.0,0.0,0.0,0.0,0.0,1.964526327561328,0.0,0.0,0.0,0.0,2.2474420238095254,0.0,0.0,0.0,2.1709065714285747,0.0,0.0,0.0,0.0,0.0,0.0,0.0,0.0,0.0,2.3313919649607366,1.9576593333333348,2.3857205855810864,0.0,2.0252870952380966,0.0,0.0,0.0,2.24979135714286,0.0,0.0,2.1165541731601767,0.0,0.0,0.0,0.0,2.2773781190476203,0.0,2.3465865209235215,0.0,0.0,0.0,2.2010908516483525,0.0,0.0,0.0,0.0,0.0,2.0915053767343794,0.0,0.0,0.0,0.0,0.0,0.0,0.0,0.0,0.0,0.0,0.0,2.1690198267973853,0.0,0.0,0.0,0.0,2.1975600000000055,2.186092829004331,0.0,0.0,0.0,0.0,2.2442435339105358,2.4014087828282835,0.0,0.0,0.0,2.0188269090909103,0.0,0.0,0.0,2.013055751082256,0.0,0.0,0.0,2.0706829082175155,0.0,0.0,0.0,2.1774196666666668
49,49,-0.17,0.0,0.0,-0.1869999999999995,0.0,0.0,0.0,0.0,0.0,0.0,0.0,-0.07582000000000008,0.0,0.0,0.0,0.0,0.0,0.0,0.0,0.0,0.0,-0.01235406060606068,0.0,0.0,0.0,0.0,0.0,-0.06375999999999979,0.0,-0.18269333333333285,0.0,0.0,0.0,0.0,0.0,-0.2138799999999989,-0.05463547619047604,0.0,0.0,0.0,0.0,0.0,0.0,-0.1323140952380951,-0.013300000000000072,0.0,0.0,0.0,0.0,0.0,0.0,0.0,0.0,0.0,0.0,0.0,-0.2011424999999992,0.0,0.0,0.0,0.07038860606060617,0.0,0.0,0.0,-0.0487774664224663,0.0,0.0,0.0,0.0,0.0,0.0,0.0,0.0,0.0,0.0,-0.021580000000000026,0.0,-0.08579999999999985,0.0,-0.14149763492063475,0.17591402668899755,0.0,-0.065313119047619,-0.15109284126984102,0.0,0.0,-0.006792181818181895,0.0,0.0,0.0,-0.14643999999999974,-0.18887873809523756,0.0,0.10017348484848491,-0.2064149999999997,0.0,0.06250600000000023,0.0,0.013952333333333174,0.0,0.0
50,50,0.33,0.0,0.36670176190476245,0.36453999999999903,0.2581525634920636,0.0,0.0,0.0,0.43754000000000065,0.0,0.0,0.0,0.0,0.0,0.0,0.3062089135272227,0.48418438095238125,0.0,0.0,0.0,0.5003624667097605,0.0,0.0,0.46223895238095236,0.0,0.0,0.0,0.0,0.3100290634920636,0.0,0.0,0.0,0.0,0.0,0.0,0.0,0.0,0.0,0.0,0.0,0.0,0.0,0.0,0.30453209523809527,0.3461200000000004,0.25060342857142837,0.0,0.0,0.0,0.0,0.2809070202020203,0.3203000000000008,0.34631583333333427,0.0,0.32433362121212156,0.0,0.0,0.0,0.35859044107689775,0.0,0.0,0.48461407142857127,0.0,0.19678000000000043,0.22649633444333533,0.0,0.0,0.0,0.47931501609389937,0.0,0.0,0.0,0.0,0.0,0.3333800000000005,0.28340000000000054,0.0,0.2917800000000006,0.0,0.0,0.0,0.0,0.0,0.3908318730158737,0.0,0.0,0.0,0.0,0.3470982380952386,0.5828781126213312,0.40048999999999924,0.0,0.0,0.0,0.0,0.0,0.0,0.0,0.0,0.3919200000000005,0.0
51,51,0.79,0.0,0.0,0.844120000000003,0.7413526629318393,0.8174845606060599,0.0,0.0,0.0,0.0,0.0,0.0,0.0,0.8747836904761893,0.0,0.0,0.0,0.0,0.8330678571428577,0.0,0.0,0.0,0.8036903809523807,0.0,0.0,0.0,0.0,0.855699224053723,0.0,0.0,0.0,0.0,0.8268641123333837,0.0,0.0,0.8500888773448771,0.0,0.0,0.0,0.0,0.0,1.029752562217902,0.0,0.0,0.0,0.8134517594072598,0.0,0.0,0.0,0.8529473021978023,0.8614998318903325,0.0,0.0,0.0,0.0,0.0,0.0,0.0,0.0,0.0,0.0,0.0,0.8585545238095253,0.0,0.8873143539793534,0.0,0.8520672380952394,0.0,0.0,0.0,0.0,0.0,0.0,0.869512571428572,0.0,0.0,0.0,0.0,0.0,0.0,0.7716073946871516,0.0,0.0,0.0,0.7643731546655099,0.0,0.0,0.0,0.0,0.0,0.7566699999999993,0.0,0.857968913308914,0.0,0.9175135060690937,0.0,0.0,0.9047668058790199,0.0,0.0,0.0
52,52,1.39,0.9598374285714298,0.0,0.0,1.4228042512411916,0.0,0.0,0.0,1.327780000000002,0.0,0.0,0.0,0.0,1.2616042301587305,0.0,0.0,0.0,1.3964524845385824,0.0,0.0,0.0,1.1855951331609575,0.0,0.0,0.0,0.0,1.4530725528915547,1.2958567945183486,0.0,0.0,0.0,0.0,0.0,0.0,0.0,0.0,0.0,1.2684533333333337,0.0,0.0,0.0,1.574175537962278,1.1403827065048953,0.0,0.0,0.0,0.0,0.0,1.3395773809523814,1.3978232203110903,1.1984058802308803,0.0,1.3471906905186366,1.454113384920636,0.0,0.0,0.0,0.0,0.0,1.2945300000000017,1.2657393513153539,0.0,1.3557666190476223,0.0,0.0,0.0,0.0,0.0,0.0,0.0,0.0,0.0,0.0,0.0,1.1767400000000015,0.0,0.0,0.0,0.0,0.0,0.0,0.0,1.293770186989481,0.0,0.0,0.0,1.3478444175824187,0.0,0.0,1.2617091112687584,0.0,1.5264695238095267,0.0,1.3679482575757584,0.0,0.0,0.0,0.0,0.0,1.437140000000003,0.0
53,53,1.92,0.0,0.0,0.0,0.0,1.6899320303030267,0.0,0.0,0.0,0.0,0.0,0.0,1.7439164285714275,1.5953337619047625,0.0,1.4324512979407713,0.0,0.0,0.0,1.6689686666666628,0.0,0.0,0.0,0.0,0.0,0.0,0.0,0.0,0.0,1.6014386666666636,0.0,0.0,0.0,1.7062225000000018,0.0,0.0,0.0,0.0,0.0,0.0,1.5994088412698424,0.0,0.0,1.5698576493506518,0.0,0.0,0.0,0.0,0.0,0.0,0.0,0.0,0.0,0.0,0.0,0.0,0.0,0.0,1.6026972643143627,0.0,0.0,0.0,0.0,0.0,0.0,1.8178627993468501,0.0,0.0,0.0,1.565078705487322,0.0,0.0,0.0,0.0,0.0,0.0,1.771766993589745,0.0,1.6624622567987533,0.0,1.5672183160183881,0.0,0.0,0.0,0.0,0.0,0.0,0.0,1.590475952380951,0.0,0.0,0.0,1.5640097358752338,1.587718391774894,0.0,0.0,0.0,0.0,0.0,0.0,0.0
54,54,0.73,0.5067259047619056,0.0,0.0,0.0,0.0,0.0,0.8693389920634926,0.0,0.0,0.0,0.0,0.0,0.8901229206349207,0.0,0.0,0.0,0.0,0.0,0.0,0.8406844674647812,0.0,0.0,0.9137205714285727,0.0,0.8831226323235594,0.0,0.8819373174603171,0.0,0.0,0.0,0.0,0.0,0.0,0.0,0.0,0.0,0.0,0.6503800000000002,0.8592046666666672,0.0,0.0,0.7989310170273297,0.7992666190476201,0.8986350000000023,0.0,0.6551300000000013,0.0,0.0,0.0,0.0,0.8156909523809543,0.0,0.0,0.0,0.0,0.0,0.0,0.0,0.0,0.0,0.0,0.0,0.0,0.9225396829836827,0.0,0.0,0.0,0.0,0.0,0.0,0.0,0.0,0.0,0.0,0.0,0.8549182619047635,0.0,0.0,0.8490900238095253,0.0,0.8580046753246755,0.7363958571428572,0.8312716190476196,0.712433988145326,0.0,0.7890011406926428,0.0,0.0,0.0,0.0,0.868516714285715,0.0,0.8948967705627705,0.9080200372046254,0.0,0.0,0.6631506761571762,0.0,0.0,0.0
55,55,1.24,0.0,0.0,0.0,1.20788115806708,1.326322173160171,1.4090837142857142,0.0,0.0,0.0,0.0,0.0,0.0,0.0,0.0,0.0,0.0,0.0,0.0,0.0,0.0,0.0,0.0,0.0,0.0,1.299696018453769,0.0,0.0,1.376829665445665,0.0,0.0,1.3307276839826818,1.3125713392210294,1.2654786984126987,0.0,0.0,0.0,0.0,1.0569,1.3644576666666663,0.0,1.4752611153141886,0.0,1.165972888888888,1.4164633333333316,0.0,0.0,0.0,1.265708523809525,1.3129543434343447,1.226955505772006,0.0,0.0,1.4099710714285738,0.0,1.3701965584415592,0.0,0.0,1.220888457797174,0.0,0.0,0.0,1.3582686190476243,1.3556778939393923,0.0,0.0,1.274074095238094,1.2797082539682538,1.3193964375250018,0.0,0.0,0.0,0.0,0.0,0.0,0.0,0.0,0.0,0.0,1.3325835000000006,0.0,1.3614489365079352,0.0,0.0,0.0,1.4290612214729728,0.0,0.0,0.0,0.0,1.2179249999999981,1.443086904761907,1.1894792286602263,0.0,0.0,0.0,0.0,0.0,1.0888643907563,1.396080000000005,0.0
56,56,0.16,0.0,0.0,0.0,0.0,0.0,0.0,0.0,0.0,0.23387523160173077,0.0,0.32181966507936544,0.3712600000000005,0.0,0.0,0.0,0.0,0.0,0.0,0.0,0.0,0.0,0.0,0.12171535714285725,0.22159305506189714,0.0,0.0,0.0,0.0,0.35414319047619064,0.30365494535693094,0.0,0.0,0.0,0.32916750000000045,0.0,0.0,0.0,0.0,0.0,0.17049666666666657,0.20396702316524096,0.0,0.0,0.0,0.0,0.0,0.0,0.33342687301587315,0.22533333333333247,0.0,0.0,0.2675499999999994,0.0,0.0,0.47289611904761886,0.0,0.0,0.0,0.26670000000000027,0.22522139971139987,0.0,0.0,0.0,0.0,0.0,0.0,0.0,0.0,0.20198714285714248,0.293017650793651,0.0,0.4282633333333343,0.0,0.0,0.0,0.0,0.0,0.0,0.0,0.0,0.0,0.0,0.0,0.0,0.4153355000000007,0.0,0.3575924603174605,0.0,0.0,0.0,0.37994445238095226,0.0,0.0,0.0,0.0,0.0,0.0,0.0,0.0,0.19680666666666682
57,57,0.86,0.0,0.7948413333333305,0.7825177142857119,0.0,0.0,0.0,0.0,1.1175199999999972,0.0,0.0,0.0,0.0,0.829167103174602,0.0,0.8894837862000796,0.0,0.0,0.0,0.0,0.0,1.2531510170662665,0.0,0.8303263809523779,0.0,0.8264623750530478,0.0,0.7896282002441974,0.0,0.0,1.0484043336464872,0.0,0.8717551152717378,0.0,0.0,0.0,0.0,0.9184799999999975,0.0,1.0692383333333297,0.8006487864357834,0.0,0.8285094710317351,0.0,0.0,0.0,0.0,0.0,0.0,0.0,0.7749095483405486,0.0,0.8560912842712809,0.0,0.7474137182539674,0.9707923658008629,0.0,0.0,0.0,0.0,0.0,0.0,0.0,0.0,0.0,0.0,0.0,0.0,0.9618865199090536,0.0,0.0,0.0,0.0,0.0,0.8734033333333303,0.0,0.8809789523809484,0.0,0.7542288809523784,0.0,0.0,0.0,0.7968824682539662,0.7899929523809497,0.0,0.0,0.0,0.0,0.0,0.9535765031620044,0.7755443333333308,0.0,0.0,0.9242665714285673,0.0,0.0,0.0,0.0,1.0355066492951477,0.0,0.0
58,58,0.58,0.0,0.0,0.0,0.0,0.0,0.0,0.0,1.1276799999999982,0.0,0.0,0.0,0.0,0.0,0.0,0.0,0.0,0.0,0.9273150476190493,0.0,0.9638053204021761,1.2885221278998789,0.8427020000000007,0.0,0.0,0.0,0.0,0.0,0.0,0.0,1.2213708658113485,0.8451254181929181,0.9345610581713218,0.0,0.0,0.0,1.0257345714285715,0.9686999999999962,0.0,1.1113949999999968,0.0,0.0,0.0,0.0,0.0,0.8995985919080929,0.0,0.0,0.0,0.0,0.0,0.0,0.0,0.8704425735930758,0.0,0.0,0.0,0.0,0.0,0.0,0.8912121222943721,0.0,0.9481805714285719,0.0,0.9106589378954373,0.0,0.0,0.0,0.0,0.0,0.0,0.0,0.0,0.0,0.9711999999999977,0.0,0.0,0.0,0.0,0.9347611904761909,0.0,0.0,0.0,0.0,0.899144456654456,0.0,0.0,0.0,0.0,0.9377779563591339,0.0,0.0,0.9211918413253435,0.0,0.0,1.1109260186334144,0.0,0.0,0.0,0.8932200000000002,0.0
59,59,1.67,0.0,0.0,0.0,0.0,0.0,0.0,0.0,2.279879999999998,0.0,0.0,0.0,0.0,0.0,0.0,0.0,0.0,0.0,0.0,0.0,0.0,0.0,0.0,0.0,2.1324988702026215,1.9985540238095254,0.0,0.0,0.0,0.0,2.2385403575431284,1.970915865079364,0.0,1.8705100000000046,1.5906841666666696,2.0229158333333377,0.0,0.0,1.6121200000000024,2.162130000000001,0.0,0.0,1.667796509579259,1.7984431428571428,0.0,0.0,0.0,0.0,0.0,0.0,0.0,0.0,1.8892449235209288,0.0,0.0,0.0,1.8897800000000025,0.0,0.0,1.707053333333331,0.0,0.0,0.0,0.0,0.0,1.8805525317460343,2.1690604285714303,0.0,1.9734284743073924,1.9137194523809542,0.0,0.0,0.0,2.088326619047622,0.0,0.0,1.9615250000000015,1.6952600000000004,0.0,0.0,1.7947197643092139,0.0,0.0,1.7204822857142856,1.8150009951159967,0.0,0.0,1.996600896825396,1.7788779047619054,0.0,1.810100000000002,0.0,0.0,1.8872235714285726,1.7642716965452878,1.9140477619047627,0.0,0.0,0.0,0.0,0.0
60,60,0.65,1.1340934285714275,0.0,0.0,0.0,0.0,0.0,0.0,0.0,0.0,0.0,0.8808434660894645,0.0,0.0,0.0,0.0,1.1881081190476188,0.0,0.0,0.0,0.0,0.0,0.9255375714285718,0.9470311269841258,0.0,0.8620572985348003,0.0,0.0,0.0,0.0,0.0,0.0,0.0,0.0,0.0,0.0,0.0,0.0,0.0,0.0,0.0,0.0,0.0,0.0,0.0,0.9667693223998229,0.0,0.0,0.0,0.0,0.0,0.9989507619047616,0.0,0.9906244913419912,0.0,0.0,0.0,0.0,0.0,0.0,0.0,0.0,0.981089047619048,0.0,0.0,0.0,0.0,0.0,0.0,0.8930430610352852,1.1260266269841264,0.0,0.0,0.0,0.0,0.0,0.0,0.0,0.0,0.0,1.077723511835767,0.0,0.0,0.9434698968253958,0.0,0.0,1.0020648636363645,0.0,0.0,0.0,0.0,0.0,0.0,0.0,0.0,0.9649046001629948,0.0,0.0,0.0,0.0,0.0
61,61,0.9,0.0,1.3745763484848492,1.5042501300366318,0.0,0.0,0.0,0.0,1.396640000000003,0.0,0.0,0.0,1.3652458095238122,0.0,0.0,0.0,1.3565639189144192,1.4662349273996504,0.0,0.0,0.0,1.4551034086746593,0.0,0.0,0.0,0.0,1.4680238754023773,0.0,1.1670370615057448,0.0,1.344207843228444,0.0,0.0,1.2924219047619059,1.4920070212842715,0.0,1.312373476190477,0.0,0.0,0.0,0.0,0.0,0.0,0.0,0.0,1.2747073844815335,1.4924931112143802,0.0,1.3621578809523824,0.0,0.0,0.0,0.0,0.0,1.2519154594697564,0.0,0.0,0.0,1.2952743558939765,0.0,0.0,0.0,0.0,1.3704562777777782,0.0,1.3957773730158773,0.0,1.386937396825395,1.3860614953146546,1.3593048476375733,0.0,0.0,0.0,0.0,0.0,0.0,0.0,0.0,0.0,1.2978860952380944,1.4031380587060687,1.541418500000001,1.399526768935742,0.0,0.0,0.0,1.4132192325948927,0.0,0.0,0.0,0.0,0.0,0.0,0.0,0.0,0.0,0.0,1.5373272146062238,0.0,1.3452000000000035,1.3515126428571467
62,62,1.11,0.0,1.2405807063492091,0.0,0.0,0.0,0.0,0.0,0.0,0.0,1.1829104285714314,0.0,0.0,0.0,1.2709628442488912,0.0,1.3679768340548366,1.3311110523684417,0.0,0.0,0.0,0.0,0.0,1.2530313333333354,0.0,1.2763116170496205,1.3296659388944478,0.0,1.3224892196809042,1.1962589523809553,0.0,0.0,0.0,0.0,0.0,0.0,0.0,0.0,0.0,0.0,0.0,0.0,0.0,0.0,0.0,0.0,0.0,0.0,0.0,0.0,0.0,1.2393727619047652,0.0,0.0,0.0,1.24388809082421,0.0,1.2523596668578756,0.0,0.0,0.0,0.0,0.0,0.0,0.0,0.0,0.0,1.2613930238095254,0.0,0.0,1.3839365238095251,0.0,0.0,0.0,0.0,1.2215000000000071,1.1964529181929167,1.2637799999999977,0.0,1.3367163333333363,0.0,1.4302661269841297,0.0,0.0,0.0,0.0,0.0,0.0,1.250409285714287,0.0,0.0,0.0,0.0,0.0,0.0,0.0,1.2056531784228857,0.0,1.2104707603883067,0.0,0.0
63,63,1.2,0.0,0.0,0.0,1.1944917031214413,0.0,0.0,1.230995547619049,0.0,0.0,0.0,0.0,0.0,0.0,0.0,0.0,0.0,0.0,0.0,0.0,1.235998184069413,0.0,0.0,0.0,0.0,0.0,1.3210069388944483,0.0,1.3259463863475702,1.2281566190476225,0.0,1.194919943722946,0.0,0.0,1.2244299378954426,0.0,0.0,0.0,0.0,0.0,0.0,1.221211326588536,1.2235882236118731,1.208358952380956,0.0,1.2575425137966645,0.0,0.0,0.0,0.0,1.1849505628815629,0.0,1.2243008082505833,0.0,1.2114066968434984,0.0,0.0,0.0,0.0,0.0,0.0,0.0,0.0,0.0,0.0,0.0,0.0,0.0,0.0,0.0,0.0,0.0,0.0,0.0,1.2381600000000117,1.2311800000000073,0.0,1.2608399999999973,0.0,1.3451613333333374,0.0,1.4243904603174642,0.0,0.0,0.0,0.0,0.0,0.0,0.0,0.0,0.0,0.0,0.0,0.0,0.0,0.0,0.0,0.0,0.0,1.2049000000000103,1.2366786666666778
64,64,1.22,0.0,0.0,0.0,0.0,0.0,0.0,0.0,0.0,0.0,0.0,0.0,0.0,0.0,0.0,1.253521161811982,1.3453841197691232,0.0,1.1508726666666647,1.1866926190476192,1.2366977647664934,0.0,0.0,0.0,0.0,0.0,0.0,1.1924915728715741,1.3235150530142366,0.0,1.2352689989675614,0.0,0.0,1.2089133333333364,1.2196899378954427,0.0,0.0,0.0,0.0,0.0,0.0,0.0,1.216563855420152,0.0,0.0,0.0,0.0,0.0,0.0,0.0,0.0,0.0,0.0,1.1928773928571437,0.0,0.0,0.0,0.0,1.2781765720905207,0.0,1.160549841269842,0.0,0.0,0.0,0.0,0.0,0.0,0.0,0.0,0.0,1.3631964047619056,0.0,0.0,0.0,0.0,0.0,1.2192153943833939,1.2516599999999973,0.0,0.0,1.3036107589592876,0.0,1.2227654689754681,0.0,0.0,0.0,1.2399449712509731,0.0,0.0,0.0,0.0,0.0,0.0,0.0,0.0,1.1879743955342896,0.0,0.0,0.0,0.0,0.0
65,65,1.66,0.0,0.0,0.0,0.0,0.0,0.0,0.0,0.0,0.0,0.0,0.0,0.0,0.0,0.0,0.0,0.0,0.0,0.0,0.0,1.81075507358433,0.0,0.0,0.0,1.723487120542203,0.0,0.0,1.5329039590409577,0.0,0.0,0.0,0.0,1.627249832724784,0.0,0.0,0.0,1.523052476190475,1.6912399999999994,0.0,0.0,0.0,0.0,1.6607801850061912,0.0,0.0,0.0,1.797519341010724,0.0,1.6266685952380961,1.570403543936449,0.0,0.0,1.8089624579897292,0.0,1.4837693336744948,0.0,0.0,0.0,0.0,0.0,1.5077664422799417,0.0,0.0,0.0,0.0,0.0,0.0,1.6282097142857122,0.0,0.0,1.665301706349208,0.0,0.0,0.0,0.0,0.0,0.0,1.6342800000000017,1.63246621545121,0.0,0.0,1.9932262777777796,0.0,1.6349645238095247,1.7305089748759996,0.0,0.0,1.6228196666666672,0.0,0.0,0.0,0.0,0.0,0.0,1.6493955546479706,1.6202449490071342,1.4462442930402872,0.0,1.6805356621515717,0.0,0.0
66,66,-0.34,-0.13656704761904773,-0.1588370238095238,0.0,0.0,0.0,0.0,0.0,0.0,0.0,0.0,0.0,-0.16261999999999946,0.0,0.0,0.0,0.0,0.0,0.0,-0.11897647619047624,0.0,-0.06571690476190448,0.0,0.0,-0.17144326787101755,0.0,-0.07927999999999959,0.0,-0.20994619047618956,0.0,0.0,0.0,0.0,0.0,0.0,0.0,0.0,0.0,0.0,0.0,-0.17092833333333268,0.0,0.0,0.0,-0.2883999999999996,0.0,0.0,0.0,0.0,0.0,0.0,0.0,0.0,0.0,0.0,0.0,0.0,0.0,0.0,0.0,0.0,0.0,0.0,-0.08600000000000005,0.061032285714285914,-0.20652999999999883,0.0,0.0,0.0,0.0,0.0,0.0,0.0,-0.1307778571428571,0.0,0.0,0.0,0.0,0.0,0.0,0.0,0.0,0.0,0.0,0.0,0.0,0.0,0.0,-0.398594357142857,0.0,0.0,0.0,0.0,0.04143033333333339,0.0,0.0,0.0,0.0,-0.03852100000000004,-0.23753999999999947,0.0
67,67,0.16,0.0,0.0,0.0,0.0,0.0,0.0,0.0,0.0,0.4684540622710619,0.45540000000000186,0.0,0.26246000000000097,0.29380143650793666,0.0,0.0,0.0,0.0,0.4626742619047619,0.6363383809523806,0.0,0.0,0.0,0.0,0.0,0.0,0.0,0.08485523809523818,0.39480190476190496,0.3539923333333333,0.0,0.0,0.321735166494615,0.0,0.3291049090909087,0.0,0.0,0.3867200000000007,0.0,0.0,0.34712842857142884,0.0,0.0,0.0,0.0,0.0,0.0,0.0,0.0,0.0,0.0,0.07393999999999996,0.3470743333333339,0.3930817142857144,0.0,0.0,0.0,0.0,0.0,0.3845000000000003,0.4037674761904766,0.0,0.35900000000000004,0.0,0.0,0.37089600000000034,0.0,0.10150644444444444,0.0,0.45448033333333404,0.0,0.0,0.0,0.5451970476190481,0.0,0.0,0.0,0.0,0.0,0.0,0.2071775182203418,0.0,0.0,0.24132847619047712,0.0,0.3606277380952391,0.0,0.0,0.0,0.0,0.0,0.14221550000000016,0.0,0.0,0.0,0.542004835760731,0.0,0.49241178571428584,0.0,0.0,0.0
68,68,0.6,1.0380587619047643,0.0,0.0,0.0,1.0400804668109653,0.0,0.0,0.9439399999999986,0.8744872506251922,0.8396757142857125,0.9613711962481951,0.0,0.7946596190476184,0.0,0.0,0.9859430793650781,0.8767014114892309,0.0,1.0319440873015864,0.0,0.0,0.0,0.0,0.0,0.0,0.0,0.0,0.9305498059163055,0.0,0.7824368454542525,0.8507090603285595,0.0,0.0,0.8875215638528161,0.0,0.8341402857142866,0.8084199999999986,0.8999199999999996,0.8515349999999985,0.0,0.0,0.8650034548942102,1.0041764761904763,0.0,0.0,0.0,0.0,0.0,0.0,0.0,0.0,0.0,0.0,0.0,0.0,0.0,0.0,0.0,0.0,0.0,0.8472799444444451,0.9888033333333346,0.0,0.7802265590187594,0.0,0.0,0.0,0.9115312094449213,0.0,0.0,0.8458403759018767,0.0,0.9838982222222222,0.0,0.0,0.0,0.6322100000000008,0.0,0.0,0.0,0.0,0.0,0.0,1.0059454569090152,0.7669129588107968,0.0,0.0,0.8530189999999991,0.0,0.0,0.0,0.0,0.0,0.0,0.0,0.0,0.0,0.0,0.0,0.8924612380952365
69,69,1.56,0.0,0.0,0.0,0.0,0.0,0.0,0.0,0.0,1.661856021290114,1.7172153333333329,1.7772763492063501,0.0,0.0,1.6677959254732186,0.0,0.0,0.0,0.0,1.5607617619047647,0.0,1.6678780086580096,0.0,0.0,0.0,0.0,0.0,0.0,1.615145074770258,0.0,0.0,0.0,1.6503947774416745,0.0,0.0,0.0,0.0,1.636780000000001,0.0,0.0,0.0,0.0,0.0,0.0,1.6417272222222252,1.6289952054383554,0.0,0.0,0.0,0.0,0.0,0.0,0.0,0.0,0.0,0.0,0.0,0.0,1.6492102319993571,1.5536233333333356,0.0,0.0,1.4380537539682585,0.0,0.0,0.0,1.5546044523809521,0.0,0.0,1.7020379249084272,0.0,0.0,1.5917289372294383,0.0,0.0,0.0,1.6446114285714297,1.6432200000000028,0.0,0.0,0.0,0.0,0.0,0.0,0.0,1.6257526492592396,0.0,1.5939016904761918,0.0,0.0,0.0,0.0,0.0,0.0,0.0,0.0,0.0,0.0,0.0,0.0,0.0
70,70,0.18,0.0,0.0,0.4265399999999987,0.0,0.0,0.521599970695971,0.3694625627705632,0.0,0.24620385714285703,0.0,0.0,0.0,0.0,0.0,0.0,0.5417067619047617,0.0,0.0,0.4101282380952385,0.0,0.0,0.0,0.6597704761904767,0.0,0.0,0.0,0.0,0.0,0.0,0.0,0.0,0.0,0.0,0.43862390909090987,0.0,0.0,0.0,0.0,0.0,0.0,0.0,0.0,0.0,0.0,0.0,0.0,0.4928600000000017,0.0,0.43461449999999996,0.30551250649350636,0.0,0.0,0.0,0.0,0.42444247619047676,0.0,0.0,0.0,0.0,0.52177216955267,0.5757186984126984,0.4433533333333351,0.0,0.0,0.503102500000002,0.0,0.0,0.0,0.0,0.0,0.0,0.0,0.0,0.0,0.0,0.0,0.0,0.0,0.0,0.0,0.47924351587301633,0.0,0.0,0.0,0.0,0.0,0.4845022380952386,0.0,0.5821914652110876,0.37592999999999926,0.0,0.0,0.0,0.0,0.0,0.0,0.0,0.0,0.0,0.0
71,71,0.87,0.0,0.9558539157509177,0.0,0.0,0.0,0.9043812008547009,0.0,0.8939200000000029,0.9044214328449338,0.0,0.0,0.0,0.0,0.9525989740259742,0.0,0.9209338658008662,0.953949003682283,0.0,0.0,0.0,0.0,1.0633905714285716,1.1167196666666677,0.0,0.0,0.0,0.0,0.0,0.0,0.0,0.0,0.0,0.9031213186813211,0.0,0.0,0.9229991666666679,0.0,0.0,0.0,0.9710741991342022,1.219179885326443,0.0,0.8964012698412707,0.0,0.0,0.0,0.0,0.9754807619047624,0.0,0.9805322987012989,0.0,0.9327312777777811,0.0,0.0,0.0,0.9775309573934878,0.8928553621659076,0.0,0.0,0.0,0.0,0.0,0.8766755952380977,0.0,0.0,0.8901121428571447,0.0,0.0,0.0,0.0,0.0,0.0,0.8633091666666678,0.0,0.0,0.0,0.0,0.0,0.0,0.0,0.0,0.0,0.0,0.0,0.0,0.0,0.0,0.0,1.106141418943873,0.9990775000000016,0.0,0.0,0.0,0.0,0.0,0.0,0.0,0.0,0.0,0.0
72,72,1.47,0.0,0.0,0.0,0.0,1.3633480303030279,0.0,0.0,1.2778400000000028,1.2088823115773106,1.3910733333333327,0.0,0.0,0.0,0.0,0.0,1.3446283113553121,0.0,0.0,0.0,0.0,0.0,1.4859930000000012,0.0,0.0,0.0,0.0,1.3703821545472072,0.0,0.0,0.0,1.3441765793650784,0.0,0.0,0.0,0.0,0.0,1.3869400000000016,0.0,0.0,0.0,1.540940874208808,1.1660748477121596,0.0,0.0,0.0,0.0,0.0,1.3322501428571418,0.0,0.0,0.0,0.0,0.0,0.0,0.0,0.0,1.422125162103547,0.0,1.3356107142857176,0.0,0.0,0.0,0.0,0.0,0.0,0.0,0.0,0.0,0.0,0.0,0.0,0.0,0.0,0.0,1.3747439999999993,1.331460380952382,0.0,0.0,0.0,1.1174171575188623,0.0,1.2206380807741462,0.0,1.046818764346766,0.0,0.0,0.0,0.0,0.0,0.0,0.0,1.3604778096348102,1.367980693362196,0.0,0.0,0.0,0.0,0.0,0.0,0.0
73,73,1.85,1.852487999999995,0.0,0.0,0.0,1.6464409112554113,0.0,0.0,0.0,1.6648262898344317,1.9130799999999974,0.0,0.0,0.0,0.0,0.0,0.0,1.9636460752179903,0.0,1.3603438809523796,0.0,0.0,1.9082661587301577,0.0,0.0,0.0,0.0,0.0,1.5111096120107952,0.0,1.7429275938437112,0.0,1.681422822881873,0.0,0.0,0.0,1.4906302142857137,0.0,0.0,0.0,0.0,0.0,0.0,0.0,0.0,0.0,0.0,0.0,0.0,0.0,1.5403099494949504,1.5635599999999972,1.7331197272727292,1.8951740792540785,0.0,0.0,0.0,0.0,0.0,1.8219049999999994,0.0,0.0,0.0,0.0,0.0,0.0,0.0,0.0,1.5391010782413206,0.0,0.0,0.0,0.0,1.5123233809523797,0.0,0.0,0.0,0.0,1.3903669443889415,0.0,0.0,1.5236066746031725,0.0,0.0,0.0,0.0,0.0,0.0,1.609428619047619,0.0,0.0,0.0,0.0,0.0,0.0,0.0,0.0,1.6908865019131172,0.0,0.0,0.0
74,74,2.3,0.0,0.0,0.0,0.0,1.885818000000001,0.0,1.93527409090909,0.0,0.0,0.0,0.0,0.0,2.000920809523811,0.0,0.0,0.0,0.0,0.0,1.8564641904761905,0.0,0.0,0.0,0.0,0.0,0.0,0.0,0.0,0.0,0.0,0.0,0.0,0.0,0.0,0.0,1.9082037308802333,0.0,0.0,0.0,1.943665000000004,0.0,2.216793013631037,1.787444434054323,0.0,2.0893725000000067,0.0,2.2506277283115947,0.0,0.0,1.9422754042966983,1.9205923727383734,0.0,2.040373399267401,0.0,0.0,2.012653674603176,1.8491770563468213,2.141294482897056,2.0331257115563557,0.0,0.0,2.0448123333333332,1.983340000000005,0.0,0.0,0.0,0.0,0.0,0.0,0.0,0.0,0.0,0.0,0.0,1.9421600000000028,0.0,0.0,0.0,1.8673233772893767,0.0,0.0,0.0,0.0,0.0,0.0,0.0,2.033060707625711,0.0,0.0,0.0,0.0,0.0,0.0,2.0728151825396903,0.0,0.0,0.0,0.0,0.0,0.0,0.0
75,75,1.81,1.0868071428571429,1.5551225347985356,0.0,0.0,2.047249039682535,0.0,0.0,0.0,1.7320433335611742,0.0,0.0,1.8967371428571451,0.0,0.0,1.622331137117921,1.7704443131868135,0.0,1.6675398095238083,0.0,0.0,1.794731333333336,0.0,0.0,1.7326752832609322,0.0,0.0,0.0,1.8425474910206765,0.0,0.0,0.0,1.8163400498926252,1.7898664126984147,0.0,0.0,0.0,0.0,0.0,0.0,1.801882516872015,0.0,0.0,0.0,0.0,1.855760722610722,0.0,1.7875800000000035,0.0,0.0,0.0,0.0,1.881770457262035,0.0,0.0,0.0,0.0,0.0,0.0,0.0,0.0,0.0,1.9496315194805225,0.0,1.8327136798423769,0.0,0.0,0.0,0.0,0.0,0.0,0.0,1.7670241428571418,0.0,1.707092727272727,0.0,1.9645487032967,0.0,0.0,0.0,0.0,0.0,0.0,0.0,0.0,0.0,0.0,0.0,1.8342914285714291,0.0,0.0,0.0,0.0,0.0,0.0,1.7752072222222202,0.0,0.0,0.0,1.854219999999998,0.0
76,76,2.52,2.123721000000004,0.0,0.0,0.0,0.0,0.0,0.0,0.0,2.2514495423596887,0.0,0.0,0.0,0.0,2.2600111401098917,0.0,0.0,0.0,2.1396412777777756,0.0,2.0994078035261796,0.0,0.0,2.1553493333333322,0.0,0.0,0.0,0.0,0.0,0.0,0.0,0.0,0.0,0.0,0.0,2.163163782939285,0.0,0.0,2.0754800000000007,0.0,0.0,0.0,0.0,2.212497633699633,0.0,2.355181437799042,2.1659502775002815,0.0,0.0,0.0,0.0,0.0,0.0,0.0,0.0,0.0,2.1955086770451775,2.2649947231081247,0.0,0.0,2.3382466422466406,0.0,0.0,0.0,0.0,2.18014466883117,2.255631952380952,2.0656930555555544,0.0,0.0,0.0,0.0,0.0,0.0,2.1666799999999995,0.0,0.0,0.0,0.0,0.0,0.0,0.0,0.0,0.0,2.0496950533633034,0.0,2.2324449148629166,2.2579475476190445,0.0,2.212624276674164,2.0687558461538456,0.0,2.204248000610503,2.238127147907649,2.2077371647404873,0.0,2.0720307161873217,0.0,2.128992896825399,0.0,0.0
77,77,1.95,0.0,0.0,2.185398183150178,0.0,2.573682666666666,0.0,0.0,0.0,0.0,0.0,2.3176013730158735,0.0,0.0,2.2632472147852143,0.0,0.0,2.278593541044264,0.0,0.0,0.0,0.0,0.0,0.0,0.0,0.0,0.0,2.238655030031196,0.0,0.0,0.0,0.0,0.0,0.0,0.0,0.0,2.342876714285712,2.265539999999996,0.0,0.0,0.0,2.2568895386690166,2.2724782533403998,0.0,2.235784333333329,2.443461540071041,0.0,0.0,0.0,0.0,0.0,2.2801699999999956,0.0,0.0,1.9686415173160094,2.487745577561324,0.0,0.0,0.0,0.0,0.0,2.313362785714284,0.0,0.0,0.0,0.0,0.0,0.0,0.0,0.0,0.0,0.0,2.3475546190476178,2.3355580952380923,0.0,2.1211399999999916,2.4771563461538477,0.0,0.0,2.1895157619047603,2.180582694903463,0.0,0.0,0.0,1.9339481896681774,0.0,0.0,0.0,0.0,0.0,2.1096530445665396,0.0,0.0,0.0,0.0,2.1123210155517,0.0,0.0,0.0,2.2856799999999984,0.0
78,78,2.74,0.0,0.0,0.0,0.0,0.0,2.7689105793650763,2.508635139971142,2.620799999999997,0.0,0.0,0.0,0.0,0.0,0.0,0.0,0.0,0.0,2.4688776666666654,0.0,2.5977929946488,0.0,2.5847501904761865,2.456558523809524,0.0,0.0,0.0,2.801176666666667,0.0,2.5672223809523746,0.0,0.0,0.0,2.5864669999999967,0.0,0.0,0.0,0.0,0.0,0.0,0.0,0.0,0.0,0.0,2.6361359999999974,0.0,0.0,0.0,0.0,0.0,2.5650415158730153,0.0,0.0,0.0,0.0,0.0,0.0,0.0,0.0,2.7383599999999966,0.0,0.0,0.0,0.0,2.422621916472411,0.0,2.5402607142857145,2.408737007936507,0.0,0.0,0.0,2.4956941105006094,0.0,0.0,0.0,2.7378399999999936,0.0,0.0,0.0,0.0,0.0,0.0,2.355535859307358,0.0,0.0,0.0,0.0,2.581719055555554,2.647648968253967,0.0,0.0,0.0,0.0,0.0,0.0,0.0,2.4040123028784075,2.3498310873015837,0.0,2.6831199999999944,0.0
79,79,0.17,0.0,0.0,0.0,0.0,0.3088713333333334,0.0,0.0,0.40094000000000046,0.0,0.4501400000000015,0.0,0.0,0.0,0.0,0.0,0.0,0.0,0.0,0.332692166666667,0.0,0.0,0.36627442857142845,0.0,0.2722289374992916,0.0,0.0,0.15677404761904737,0.0,0.2305604523809531,0.0,0.2012096904761905,0.2819688043792335,0.0,0.0,0.0,0.0,0.0,0.5381800000000003,0.0,0.0,0.2625772033646181,0.0,0.0,0.0,0.0,0.35794666666666614,0.0,0.0,0.0,0.0,0.0,0.0,0.0,0.0,0.17401133333333332,0.0,0.0,0.403968970952628,0.0,0.0,0.17746414285714296,0.0,0.0,0.0,0.0,0.0,0.0,0.47018946794136013,0.0,0.0,0.0,0.0,0.0,0.0,0.0,0.0,0.0,0.0,0.0,0.0,0.0,0.0,0.4358655238095238,0.0,0.0,0.0,0.0,0.0,0.29521203502397175,0.0,0.0,0.0,0.0,0.0,0.0,0.0,0.0,0.5148942222222227,0.0,0.0
80,80,2.27,0.0,1.445290460317461,0.0,0.0,0.0,0.0,0.0,1.543380000000001,0.0,0.0,0.0,0.0,1.4418043730158734,0.0,0.0,0.0,0.0,0.0,0.0,0.0,0.0,0.0,0.0,0.0,0.0,0.0,0.0,1.4736361120107975,0.0,0.0,0.0,0.0,0.0,0.0,0.0,1.3815145476190467,0.0,0.0,0.0,1.4188508023088033,0.0,0.0,1.4755890476190496,0.0,0.0,0.0,1.3258600000000007,0.0,0.0,1.4259021031746022,0.0,0.0,0.0,1.4488457460954083,1.4221210883560909,0.0,1.5040899154391403,0.0,1.5033933333333347,1.4649897012987028,0.0,1.3568885238095278,0.0,0.0,0.0,1.4413962142857155,0.0,0.0,0.0,0.0,1.3928079790764796,0.0,0.0,0.0,0.0,0.0,0.0,0.0,0.0,1.558643437411865,0.0,0.0,0.0,0.0,0.0,0.0,0.0,0.0,1.4774620689334084,1.476589833333334,0.0,0.0,0.0,0.0,0.0,1.38622818480539,0.0,0.0,0.0,0.0
81,81,1.25,0.0,0.0,0.0,0.0,0.0,0.0,0.0,0.0,0.0,0.0,0.0,0.0,0.0,1.242045790764791,1.134293919206071,0.0,0.0,0.0,0.0,0.0,0.0,0.0,1.521003571428571,0.0,0.0,0.9201765714285721,0.0,1.2640646666666682,0.0,0.0,1.0774556666666681,1.3308310385147184,0.0,0.0,1.1300530824730848,1.170611190476192,0.0,1.4317200000000008,0.0,0.0,0.0,1.4178610534045881,0.0,0.0,0.0,0.0,0.0,0.0,0.0,0.0,0.0,0.0,0.0,0.0,1.101971878258997,1.440836059884561,1.1085105518438547,0.0,0.0,0.0,0.0,0.0,0.0,0.0,1.3203579761904765,0.0,0.0,0.0,0.0,1.4114809841269849,0.0,0.0,0.0,0.0,0.0,0.0,1.4325000000000012,0.0,0.0,0.0,0.0,1.41738687386693,1.4544304761904758,0.0,1.1602312857142871,0.0,1.147540015873016,1.3387582380952388,0.0,0.0,1.0573020476190482,1.4028250290265332,1.492114129742808,0.0,0.0,0.0,0.0,1.203186751443005,0.0,1.1885528888888908
82,82,1.97,0.0,0.0,1.8996633333333326,1.7517189171384167,0.0,1.5009172698412705,0.0,0.0,0.0,0.0,1.7717903492063491,0.0,0.0,0.0,0.0,0.0,0.0,0.0,1.589925000000001,0.0,1.783986714285714,0.0,0.0,1.866255455638445,1.7503850000000019,1.4104789523809544,0.0,0.0,0.0,0.0,1.5123236111111116,1.9762540811962372,0.0,2.013216714285716,0.0,0.0,0.0,0.0,1.6360599999999998,0.0,0.0,0.0,1.6766610000000022,0.0,0.0,0.0,0.0,0.0,0.0,0.0,0.0,0.0,1.9349711111111136,1.7575324603174627,1.4265692811893989,0.0,1.6731861207626864,0.0,1.7471733333333337,0.0,0.0,1.5201668571428582,1.7311076190476162,1.7485264473304452,1.799022880952381,1.4697927619047637,1.783855277777779,0.0,0.0,0.0,0.0,0.0,1.5912708571428569,0.0,1.9533400000000007,1.7912959523809535,0.0,0.0,0.0,1.7754834358827885,0.0,0.0,0.0,0.0,1.5032172063492053,1.9207712128427161,1.7570600411255426,0.0,0.0,0.0,1.5597807142857134,0.0,0.0,0.0,0.0,0.0,1.6982253888888896,1.7267337500000022,0.0,0.0
83,83,1.43,0.0,0.0,0.0,0.0,0.0,0.9605373333333341,0.0,0.0,0.0,0.0,0.0,0.0,1.1676916269841278,0.0,0.0,0.0,0.0,1.0122506190476197,0.0,0.9736875850219937,0.0,0.0,0.0,0.0,0.0,0.959963636363637,0.0,0.0,0.0,0.0,1.1081044841269856,0.0,0.9975083333333342,0.0,0.9186161971916986,0.0,0.0,0.0,0.0,0.0,0.0,0.0,0.0,0.0,1.0612289266615769,0.9061717207792223,0.9456400000000021,0.0,0.0,0.0,0.0,0.0,1.066178218253968,0.0,0.0,0.0,0.0,0.0,0.0,1.0377967619047637,0.0,0.0,0.0,0.0,0.0,0.0,0.0,0.0,0.0,0.0,0.0,0.9222320014430027,0.0,0.0,0.0,0.0,0.0,0.0,0.0,0.0,0.0,0.0,0.0,0.0,0.0,0.0,0.0,0.0,0.0,0.0,1.0422438095238102,0.0,1.4259129357864364,1.329281294733044,0.0,0.0,0.0,0.0,0.0,0.0
84,84,2.04,1.8893481428571466,1.293447943722944,0.0,0.0,0.0,1.3935668253968276,0.0,0.0,0.0,0.0,1.7125397142857133,0.0,0.0,1.6429174407634834,0.0,1.651693580086579,1.6661331158151558,0.0,0.0,0.0,0.0,1.7426004444444403,0.0,1.5927928687960216,0.0,1.593434021645019,1.7901475314741977,0.0,0.0,1.5102623976757414,0.0,0.0,0.0,0.0,0.0,0.0,0.0,0.0,0.0,0.0,0.0,0.0,0.0,1.7082319999999929,0.0,0.0,0.0,0.0,0.0,0.0,0.0,0.0,1.7481965549450507,0.0,0.0,0.0,0.0,0.0,0.0,0.0,1.7832234523809514,0.0,0.0,0.0,0.0,1.3863079523809512,0.0,0.0,1.6851826359326059,0.0,1.4781605988455992,1.663457178932175,0.0,0.0,0.0,0.0,0.0,0.0,0.0,0.0,0.0,0.0,0.0,0.0,1.685446914862908,1.675583790536945,0.0,0.0,0.0,1.728943703463197,0.0,0.0,0.0,0.0,1.4668428701298708,0.0,0.0,0.0,0.0,0.0
85,85,1.9,1.2765542380952377,1.2306318118548114,0.0,1.6357575619217375,0.0,1.370006111111113,1.6742598294863031,0.0,0.0,0.0,0.0,0.0,0.0,0.0,0.0,0.0,0.0,0.0,0.0,1.5017131942720239,0.0,0.0,0.0,0.0,1.6041387660088433,0.0,0.0,0.0,0.0,1.382695509313416,0.0,1.657227911244981,0.0,0.0,1.6110291237651226,0.0,0.0,0.0,0.0,0.0,0.0,0.0,0.0,0.0,0.0,0.0,0.0,1.6889140476190447,0.0,0.0,0.0,0.0,0.0,1.6543171166056114,0.0,0.0,1.6563766459050384,1.7153822107510388,1.6924149999999953,0.0,0.0,0.0,0.0,0.0,0.0,1.413125619047618,1.6725987380952363,0.0,0.0,0.0,1.399124638528139,0.0,0.0,0.0,1.6529199999999957,0.0,0.0,0.0,0.0,1.5331232246017623,1.7108647943722914,0.0,0.0,0.0,0.0,0.0,0.0,0.0,0.0,0.0,0.0,1.6043949415584393,0.0,0.0,1.3187411125541117,1.7056996357725474,1.4593929428357657,0.0,1.6348999999999956,0.0
86,86,2.84,3.5036459047619077,2.1382257142857153,0.0,0.0,0.0,0.0,2.1686366546231572,0.0,0.0,0.0,0.0,0.0,0.0,0.0,0.0,2.167032111111112,0.0,0.0,2.290000047619047,0.0,0.0,0.0,0.0,0.0,2.289016809024308,0.0,0.0,0.0,0.0,0.0,0.0,0.0,0.0,0.0,0.0,1.9771587619047626,0.0,0.0,0.0,0.0,2.144861078837531,2.275898536911122,0.0,0.0,0.0,0.0,0.0,0.0,2.166242829712783,0.0,0.0,0.0,0.0,2.128042407647906,0.0,0.0,0.0,0.0,0.0,0.0,0.0,1.9814390317460322,2.3466867777777773,2.2334690864357825,0.0,0.0,0.0,2.1909696809576356,0.0,2.1552791349206366,0.0,0.0,0.0,0.0,0.0,0.0,0.0,0.0,0.0,0.0,0.0,2.2494329307724406,0.0,0.0,0.0,0.0,0.0,0.0,0.0,0.0,0.0,0.0,0.0,0.0,0.0,0.0,0.0,0.0,0.0,0.0
87,87,1.19,0.0,1.475380335664336,0.0,0.0,1.6348010952380934,1.4187901587301608,1.5312790274549992,1.4433000000000005,0.0,0.0,1.7108022380952381,0.0,0.0,0.0,0.0,0.0,0.0,0.0,1.6650064761904728,0.0,1.3943366190476179,0.0,0.0,0.0,0.0,0.0,0.0,0.0,1.5254343333333304,0.0,0.0,1.5631344131992553,0.0,0.0,0.0,0.0,0.0,0.0,0.0,0.0,0.0,0.0,0.0,0.0,0.0,0.0,0.0,0.0,0.0,0.0,1.5478685714285694,1.560389673927381,0.0,0.0,1.314596764705883,0.0,0.0,1.6367843596857683,0.0,0.0,1.5380331428571417,1.5593655555555566,1.6098251794871792,0.0,1.5835207424242415,0.0,0.0,1.6266398784488643,0.0,0.0,1.569414819791319,1.4222493333333348,0.0,0.0,0.0,1.5808233333333324,0.0,0.0,0.0,0.0,0.0,0.0,0.0,0.0,1.542423642857144,0.0,0.0,0.0,0.0,0.0,1.4941989523809533,0.0,1.557456359307362,1.674680598187757,1.3182770631590608,0.0,0.0,0.0,0.0,1.4952199999999993
88,88,1.61,0.0,0.0,1.9448905641025591,1.752006929973532,0.0,0.0,1.8005086616541335,0.0,1.7963112393366851,0.0,2.0224276111111115,0.0,1.7866926904761893,0.0,1.8493049486173714,0.0,1.9505241678316856,0.0,1.8752723333333297,0.0,2.0395940799200836,1.8057527142857093,1.8818210476190482,0.0,1.7257151918081897,0.0,1.9110111976707542,0.0,0.0,1.8781398362645525,0.0,0.0,1.7803619999999998,1.782985451465202,0.0,0.0,0.0,0.0,1.740897999999996,0.0,0.0,0.0,1.864823579365078,1.9893840000000034,0.0,0.0,0.0,1.8144046666666653,0.0,0.0,0.0,0.0,0.0,0.0,0.0,0.0,0.0,1.919021397322627,0.0,0.0,0.0,0.0,0.0,1.7769885052947014,0.0,0.0,0.0,1.83640655323363,0.0,1.8091564603174612,0.0,0.0,0.0,0.0,0.0,0.0,0.0,0.0,1.7916048571428562,0.0,0.0,1.8109913120096235,1.814553731601727,0.0,0.0,0.0,1.7826720634920639,0.0,0.0,0.0,0.0,0.0,0.0,1.880872179273338,0.0,1.8502312797903842,1.6578120807321832,0.0,1.9597400000000045,0.0
89,89,2.1,0.0,0.0,2.217836183150176,0.0,2.2247898333333294,1.980429952380952,2.0446058600668313,2.041339999999995,0.0,0.0,0.0,2.0269166666666645,2.0627718253968212,0.0,2.120304321174866,0.0,2.2923073472280193,2.0006507380952367,0.0,0.0,0.0,2.1207339523809465,0.0,0.0,0.0,0.0,0.0,0.0,0.0,0.0,0.0,0.0,0.0,0.0,0.0,1.9605113809523793,0.0,0.0,2.0332425714285636,0.0,0.0,0.0,0.0,0.0,0.0,0.0,0.0,0.0,0.0,0.0,2.0818345714285655,0.0,0.0,0.0,0.0,0.0,2.0033330211425393,2.1643968892155643,0.0,0.0,0.0,2.0984844047619027,0.0,0.0,0.0,0.0,2.013590190476188,0.0,0.0,0.0,0.0,2.104365333333331,0.0,0.0,0.0,2.1522785366300323,0.0,0.0,0.0,2.0993954484436945,2.02361464285714,2.0238359070867182,0.0,1.9360464025108843,0.0,2.059184297091798,0.0,0.0,1.959509163571015,0.0,2.122459746031744,0.0,0.0,0.0,0.0,0.0,0.0,0.0,0.0,2.07182301587301
90,90,2.75,0.0,0.0,0.0,2.5929597367149726,0.0,0.0,0.0,2.479719999999997,0.0,0.0,2.705150706349204,0.0,2.4831249523809498,0.0,0.0,0.0,0.0,0.0,0.0,0.0,2.6576326782106716,2.541955428571423,0.0,0.0,0.0,0.0,0.0,0.0,0.0,0.0,2.376254242729493,0.0,2.4134745555555557,0.0,0.0,0.0,2.6717999999999984,2.449260000000003,0.0,0.0,0.0,0.0,0.0,0.0,0.0,0.0,2.3909400000000027,0.0,2.3397722511319112,0.0,2.5733599999999974,0.0,0.0,2.4074331507936453,0.0,2.5022100505748113,0.0,0.0,2.5537799999999984,0.0,0.0,0.0,0.0,2.2641015291042295,2.4211812458195414,2.3666237619047594,0.0,0.0,0.0,0.0,0.0,0.0,2.542908428571425,0.0,0.0,0.0,0.0,2.585179063492061,2.369675238095238,0.0,0.0,2.181963062486875,2.496058785714283,2.3783235018315017,0.0,0.0,0.0,0.0,0.0,2.666791666666661,0.0,0.0,0.0,0.0,0.0,0.0,2.194934865079364,2.6246997965367935,0.0,2.544256444444445
91,91,3.37,0.0,2.802762047619044,0.0,0.0,0.0,0.0,2.691418896825399,0.0,2.7743796666666682,0.0,0.0,0.0,0.0,0.0,2.6600951646131645,0.0,0.0,2.8125283571428557,0.0,0.0,0.0,0.0,2.724175999999999,0.0,3.010028444444451,2.8959249444444444,0.0,0.0,0.0,2.7065063549653843,0.0,0.0,0.0,0.0,0.0,2.6489987142857117,0.0,0.0,0.0,2.731726571428572,0.0,2.665033167295026,0.0,0.0,0.0,0.0,0.0,0.0,2.6819093633033684,0.0,0.0,2.757170333333336,2.764489095238098,0.0,0.0,0.0,0.0,0.0,0.0,2.8256543333333375,0.0,0.0,2.8360400000000037,2.555308166666665,0.0,0.0,2.6001177539682536,2.9174155085643454,2.653201922299922,0.0,2.682684518759018,0.0,0.0,2.88488,0.0,0.0,2.8402600000000007,0.0,2.8075327619047656,0.0,0.0,2.4437922012987032,0.0,2.481472095238096,0.0,0.0,0.0,0.0,0.0,0.0,0.0,0.0,0.0,2.826239760651629,2.7680542532467522,0.0,2.400371317460316,0.0,0.0,0.0
92,92,2.99,3.3648379365079353,0.0,2.732519999999995,0.0,0.0,0.0,0.0,0.0,0.0,2.612439999999996,0.0,0.0,0.0,0.0,0.0,0.0,2.6582717573352546,0.0,0.0,0.0,2.9340735238095146,2.8833317142857036,0.0,2.641867527013914,0.0,0.0,0.0,0.0,0.0,0.0,0.0,0.0,2.5879549999999947,0.0,2.5308371212121212,2.2119339047619038,0.0,0.0,2.579519999999996,2.678314666666664,0.0,0.0,2.59079514285714,2.614739999999994,0.0,2.8864636666666583,2.527039999999997,2.710505349206343,0.0,0.0,0.0,0.0,0.0,2.6895583333333253,0.0,0.0,0.0,0.0,0.0,0.0,0.0,0.0,0.0,0.0,0.0,0.0,2.542479238095237,0.0,2.5949095396825337,2.428805788600289,2.6485570266955234,0.0,2.5426816190476145,0.0,0.0,0.0,0.0,0.0,0.0,0.0,0.0,0.0,0.0,0.0,0.0,0.0,0.0,0.0,0.0,0.0,0.0,2.70405055555555,0.0,0.0,0.0,2.6943759999999934,2.634892047619045,2.782379944444437,0.0,0.0
93,93,0.84,0.0,0.0,0.0,0.0,0.0,0.0,0.0,0.0,0.0,0.0,0.0,0.0,0.0,0.0,0.0,0.0,0.0,0.0,0.0,0.0,0.0,0.0,0.0,0.0,0.0,0.0,0.9877652969252927,0.0,1.1017938571428585,0.0,0.0,0.0,0.0,0.0,0.0,1.296541714285716,0.0,1.5383200000000006,0.0,0.0,0.0,0.0,0.0,0.0,0.0,1.387644691003444,0.0,0.0,1.0682340544455535,0.0,1.1885383333333333,0.0,0.0,0.0,1.3921133809523827,0.0,0.0,0.0,0.0,0.0,0.9698464523809517,0.0,0.0,0.0,0.0,1.5171686349206377,0.0,0.0,0.0,1.4804718888888908,0.0,0.0,0.0,0.0,0.0,1.3692170000000008,0.0,0.0,0.0,1.1088209126223552,0.0,0.0,0.0,0.0,0.0,0.0,0.0,0.0,0.0,0.0,0.0,0.0,1.3184507422969194,0.0,0.0,0.0,1.2473935251423516,1.1832130975968471,0.0,0.0
94,94,-0.57,0.0,0.0,-0.31034000000000117,-0.3166874761904764,0.0,0.0,-0.25004116666666654,0.0,-0.244515,0.0,0.0,0.0,0.0,0.0,0.0,0.0,0.0,0.0,-0.3396116666666673,-0.12365439292080453,-0.10305228571428618,0.0,0.0,-0.3344027391774896,0.0,-0.09855333333333285,0.0,0.0,-0.27742259523809504,0.0,0.0,0.0,0.0,0.0,-0.45556000000000296,-0.3314030476190475,0.016859999999999983,-0.2211800000000002,0.0,0.0,0.0,0.0,0.0,0.0,-0.32829409523809494,0.0,0.0,-0.32817750000000034,0.0,0.0,0.0,-0.32951000000000125,0.0,0.0,0.0,0.0,0.0,0.0,-0.3527200000000019,-0.13256000000000018,0.0,0.0,0.0,-0.2044085714285711,0.0,-0.33160121428571454,-0.3561349444444447,-0.3277674191919196,-0.35343333333333493,0.0,-0.27403601226551216,0.0,0.0,0.0,-0.3116400000000013,0.0,0.0,0.0,0.0,-0.02582827306680249,0.0,0.0,0.0,0.0,0.0,0.0,0.0,0.0,-0.16698769913419892,0.0,0.0,0.0,0.0,0.0,0.0,0.0,0.0,-0.2551133333333322,0.0,0.0
95,95,3.07,0.0,0.0,0.0,0.0,2.2870133333333316,0.0,0.0,0.0,0.0,2.988160000000005,0.0,2.5550799999999936,2.5900230101010107,0.0,0.0,0.0,0.0,0.0,2.6001891428571424,2.9061889240451295,0.0,0.0,0.0,2.722938067448886,2.718399448051937,0.0,2.506284404761898,0.0,0.0,0.0,2.91053661904762,0.0,2.566939999999993,0.0,0.0,0.0,2.4946399999999906,0.0,0.0,0.0,2.837305311634788,0.0,2.929742285714289,2.848779999999995,2.445497757575755,0.0,0.0,0.0,0.0,0.0,0.0,0.0,0.0,0.0,0.0,0.0,2.81380094889657,0.0,2.7473399999999986,2.817715000000002,2.5276535158730145,0.0,2.946340000000004,0.0,0.0,0.0,0.0,0.0,0.0,0.0,0.0,0.0,0.0,2.617440000000005,2.8308000000000004,0.0,2.591399999999995,2.8148649999999966,2.6847456666666667,0.0,0.0,0.0,2.892226523809523,0.0,0.0,0.0,2.7684086428571475,2.793134571428572,0.0,2.9588399999999964,0.0,0.0,0.0,0.0,0.0,2.9488417777777745,0.0,0.0,2.848719999999998,0.0
96,96,2.9,0.0,0.0,0.0,0.0,0.0,0.0,0.0,0.0,0.0,0.0,0.0,0.0,2.368599668831167,0.0,0.0,0.0,0.0,2.7354680952380908,0.0,0.0,0.0,0.0,0.0,0.0,2.4708888571428496,0.0,2.391491960317456,0.0,0.0,0.0,0.0,2.547789348739633,2.4435207619047605,0.0,2.5273924660894673,0.0,2.3511599999999966,0.0,0.0,0.0,0.0,0.0,0.0,0.0,2.336156047619046,2.799395687090679,0.0,0.0,2.605301880952375,0.0,0.0,0.0,0.0,0.0,0.0,0.0,0.0,0.0,0.0,0.0,0.0,0.0,0.0,0.0,2.628041827561329,0.0,0.0,2.5161588314742502,0.0,2.5878815555555557,2.39993121800422,0.0,0.0,0.0,0.0,0.0,2.451459999999995,0.0,2.510919666666667,0.0,0.0,0.0,0.0,0.0,2.568468632034633,2.636883388888891,0.0,0.0,2.5058815028689585,0.0,0.0,2.587988680375178,2.5119683816738823,2.6782619574314537,0.0,0.0,0.0,0.0,0.0,0.0
97,97,2.2,0.0,2.1397861666666613,2.127876476190472,0.0,0.0,0.0,0.0,0.0,1.940895117965366,0.0,0.0,0.0,0.0,0.0,1.7643456446595414,0.0,0.0,0.0,0.0,0.0,0.0,0.0,0.0,0.0,0.0,0.0,0.0,0.0,1.953752833333332,0.0,0.0,0.0,0.0,0.0,0.0,0.0,2.0461599999999938,0.0,0.0,0.0,0.0,0.0,0.0,0.0,0.0,0.0,0.0,0.0,0.0,0.0,2.151030952380946,2.0568836552663035,0.0,2.0737644603174554,0.0,1.776505574384336,0.0,0.0,0.0,0.0,0.0,0.0,0.0,2.046373775613269,0.0,0.0,1.884298393939392,0.0,1.8409124447496914,0.0,0.0,0.0,0.0,1.9161200000000005,0.0,0.0,0.0,0.0,0.0,0.0,2.0249524841269806,0.0,0.0,0.0,0.0,0.0,0.0,0.0,1.9306838423299926,0.0,0.0,0.0,0.0,1.9861045355433984,1.7718801698856688,1.8598552747807695,0.0,0.0,0.0,1.9332480952380906
98,98,0.82,0.0,0.0,0.0,0.0,0.0,0.0,0.0,0.0,0.0,0.0,0.966214726406924,0.0,0.942161666666665,0.0,0.0,0.0,0.0,0.0,0.0,1.0692020524961905,0.0,0.8354144761904742,0.0,0.0,0.0,0.0,0.0,0.0,0.0,0.0,0.0,0.0,0.0,1.1498290414862904,0.0,0.0,0.0,1.4288200000000004,0.0,0.0,0.0,0.0,0.0,0.0,0.0,0.0,0.0,0.0,1.1339409711399715,0.0,0.0,0.0,0.0,0.0,0.0,0.0,0.0,0.0,0.0,0.0,0.0,1.0198295714285663,1.0673127272727232,0.0,0.0,0.0,0.0,0.9925485947662062,0.0,1.3448670317460334,0.9813435985680975,0.0,0.0,0.9105999999999954,0.0,1.0904825555555537,0.0,1.0368523448773406,0.0,0.0,0.0,0.0,0.0,0.0,0.0,0.0,0.0,0.0,0.0,0.0,1.0209252380952345,0.0,1.196017760461758,0.0,0.0,0.0,0.0,0.0,0.0,0.0
99,99,1.81,1.2324308095238123,0.0,1.7671209523809452,0.0,0.0,1.9974312243867254,0.0,0.0,0.0,0.0,1.9260944523809502,1.9532171428571417,0.0,1.7276193756243758,1.6240697671207358,0.0,1.8216832386361983,0.0,0.0,0.0,1.8862740000000024,1.8508670952380912,0.0,0.0,0.0,1.8624826933621959,0.0,0.0,0.0,1.6440261745677751,1.8237759407814396,0.0,0.0,0.0,0.0,1.8653912857142825,0.0,0.0,1.7443127272727212,0.0,0.0,1.9085452720914653,0.0,1.8141222222222182,0.0,1.571627443399737,0.0,1.7029087142857116,0.0,0.0,1.9621959047618982,0.0,0.0,0.0,0.0,0.0,0.0,0.0,0.0,1.7095945757575741,0.0,1.9464706984126992,0.0,0.0,0.0,0.0,0.0,0.0,0.0,1.8447634206349215,0.0,0.0,0.0,0.0,0.0,0.0,1.8617899999999945,0.0,0.0,1.8622140639275693,0.0,0.0,0.0,0.0,0.0,0.0,1.6767736111111096,0.0,0.0,0.0,1.8769189365079353,0.0,0.0,0.0,0.0,0.0,0.0,0.0,0.0,1.8658786262626206
100,100,2.51,0.0,0.0,0.0,1.8692863081435465,0.0,0.0,0.0,0.0,0.0,2.143225396825397,0.0,2.00402577777778,0.0,2.102818164280162,1.8896442898666344,0.0,0.0,0.0,1.9716650952380967,0.0,0.0,1.977761047619052,0.0,2.0144392984533885,0.0,0.0,0.0,0.0,0.0,0.0,2.112657177998472,0.0,0.0,0.0,0.0,2.0798699047619054,0.0,0.0,0.0,0.0,0.0,0.0,2.1261988874458906,0.0,0.0,0.0,0.0,0.0,0.0,0.0,0.0,0.0,2.0614257605727637,0.0,0.0,2.0675405512963168,1.9713795184728162,0.0,0.0,0.0,0.0,0.0,2.0281127055722092,0.0,0.0,0.0,0.0,1.8865379160790932,1.9422980677655675,0.0,1.9001429286987506,0.0,0.0,0.0,0.0,2.0590073809523832,0.0,0.0,0.0,0.0,0.0,1.948919880230879,0.0,0.0,0.0,0.0,0.0,2.062156000000002,1.868505171712614,0.0,2.045437333333331,1.9233050428737968,0.0,0.0,1.8499418797430653,1.9461391715652792,0.0,0.0,2.025800000000003,1.984392428571428
101,101,1.79,0.0,0.0,0.0,0.0,2.0674805158730143,0.0,0.0,0.0,0.0,0.0,2.0845530238095242,0.0,0.0,1.9764432007159518,0.0,0.0,2.167650116992585,0.0,0.0,0.0,2.169730714840717,0.0,2.064293523809524,0.0,0.0,1.8599770346320417,2.052518004308561,0.0,0.0,0.0,0.0,2.127199037447556,0.0,0.0,1.8953037097347132,0.0,1.9859400000000038,1.812480000000003,0.0,0.0,0.0,1.9238382305575052,0.0,2.1106040000000053,2.0197687345578426,0.0,1.8823200000000049,0.0,0.0,0.0,0.0,0.0,0.0,0.0,0.0,0.0,0.0,0.0,2.0257360000000038,0.0,0.0,0.0,0.0,0.0,0.0,1.8304036666666672,0.0,0.0,0.0,0.0,0.0,0.0,0.0,1.9574200000000037,0.0,0.0,0.0,0.0,0.0,0.0,0.0,0.0,0.0,0.0,0.0,0.0,0.0,0.0,0.0,0.0,1.9966551904761907,1.9697929591242114,0.0,0.0,1.9680997670224532,0.0,0.0,1.9764421349206365,2.0975400000000026,0.0
102,102,-0.33,0.44210185714285805,-0.007819571428571448,0.0,-0.09387191269841282,0.0,-0.011058553113553126,0.0,0.0,0.0,-0.13652000000000056,0.0,-0.07492000000000046,0.0,0.0,0.0,0.03025709523809525,0.0,0.0,0.0,0.0,0.0,0.0,0.25182809523809563,0.0,0.0,0.0,-0.05233999999999978,0.0,0.0,0.0,0.0,-0.11979626402355847,0.0,0.0,0.0,-0.044251809523809325,0.0,0.0,0.0,-0.1167653333333336,-0.09476408253968278,0.0,0.0,-0.014060000000000156,0.0,-0.14661666666666687,0.0,0.0,0.0,0.0,-0.08038000000000023,0.0,-0.06911500000000016,0.0,0.0,0.0,-0.12162068759018775,0.0,0.0,0.19564860606060577,0.09923542857142865,0.0,0.0,0.0,-0.1986799999999999,0.0,0.0,-0.07337351676101679,0.0,-0.15958486507936498,0.0,0.0,0.0,-0.18991999999999934,0.0,0.0,0.0,0.0,0.0,0.1593580569365275,0.0,0.0,0.0,0.0,-0.015620000000000018,0.0,0.0,0.0,0.0,0.0,0.0,0.0,0.054856666666666845,0.0,0.0,0.028797666666666586,-0.1148044285714289,0.04971500000000008,-0.03960000000000006,-0.16854000000000027
103,103,0.64,0.0,0.0,1.8956058021978002,1.8112391403593184,0.0,0.0,0.0,0.0,0.0,1.9005333333333323,0.0,0.0,0.0,0.0,0.0,0.0,1.9004155798168552,0.0,0.0,1.811768273176731,0.0,1.9460464444444434,1.8301325000000033,0.0,0.0,0.0,0.0,0.0,0.0,0.0,0.0,0.0,0.0,1.9798409054834085,0.0,0.0,0.0,0.0,0.0,0.0,1.8369934012884932,0.0,0.0,1.86394833333334,0.0,0.0,1.8581800000000006,1.9682565000000003,0.0,0.0,0.0,1.7386583303689807,1.8865966263736245,0.0,0.0,0.0,0.0,0.0,1.961801428571429,0.0,0.0,0.0,0.0,0.0,1.8342200793650814,0.0,0.0,0.0,0.0,0.0,0.0,0.0,0.0,0.0,1.8476600000000012,1.8826477817460354,0.0,0.0,0.0,0.0,0.0,0.0,0.0,0.0,0.0,0.0,0.0,0.0,0.0,0.0,1.9154245714285727,0.0,0.0,0.0,0.0,0.0,0.0,0.0,1.8397800000000029,0.0
104,104,1.32,0.0,1.52521333638583,1.6236077792762729,0.0,0.0,0.0,1.520782373015871,0.0,0.0,0.0,0.0,0.0,0.0,1.6099534114594511,0.0,0.0,0.0,0.0,0.0,0.0,1.6321587915140365,0.0,0.0,1.5545162975148867,0.0,0.0,0.0,0.0,1.5876511904761872,1.5751804069707822,1.5964987287157246,0.0,1.5810644603174524,0.0,1.5708340873015818,0.0,0.0,1.5061059999999922,0.0,1.6077960030524963,1.557470500433251,0.0,0.0,0.0,0.0,1.6258595991724962,0.0,0.0,1.4994173931427983,1.5697985083805097,1.4943625476190385,0.0,0.0,0.0,1.559545013179626,0.0,0.0,0.0,1.5182296666666582,0.0,0.0,0.0,0.0,0.0,0.0,1.5944781666666619,1.500645738095235,1.5754343168607794,0.0,0.0,0.0,0.0,0.0,0.0,0.0,1.5321999023198958,0.0,1.520906128205121,0.0,0.0,1.9829280079365088,0.0,0.0,0.0,0.0,0.0,0.0,0.0,1.587157478366293,0.0,0.0,0.0,0.0,0.0,0.0,1.4580002860374843,0.0,0.0,0.0,0.0
105,105,1.4,0.0,0.0,0.0,0.0,0.0,1.4767096738816743,0.0,1.46204,1.434696994324388,0.0,0.0,0.0,1.4442279841269827,1.5772000817891216,1.5450299174183966,0.0,0.0,0.0,0.0,1.666422689799085,0.0,0.0,1.4679909841269871,0.0,1.4722788383005896,0.0,1.4291807050727035,0.0,0.0,0.0,0.0,0.0,0.0,1.437356138583638,1.5230548888888833,0.0,0.0,0.0,1.425172282051282,0.0,0.0,1.4717037523940122,0.0,1.4212999999999973,0.0,0.0,0.0,0.0,0.0,0.0,0.0,1.599838858181388,0.0,0.0,0.0,1.4319426839447094,0.0,1.446506585643181,0.0,0.0,1.4146365396825402,1.4540066507936493,0.0,0.0,0.0,0.0,0.0,0.0,1.4408761652839759,0.0,0.0,0.0,0.0,1.4292299999999953,0.0,0.0,1.459399999999997,0.0,1.4149953333333318,0.0,1.9557743412698423,1.4546585209235212,0.0,0.0,0.0,0.0,1.4849699444444462,0.0,0.0,1.4288049999999959,0.0,0.0,0.0,1.4940653938447228,0.0,0.0,0.0,0.0,1.4222399999999957,0.0
106,106,1.39,1.4412861666666683,0.0,1.6268668268953208,0.0,0.0,0.0,0.0,0.0,0.0,0.0,1.5154251825396816,0.0,0.0,0.0,0.0,1.4328392875457885,1.566926609631709,0.0,0.0,1.6583442415383864,0.0,0.0,1.4895036507936545,0.0,0.0,0.0,0.0,0.0,1.5583590476190443,0.0,1.583041046176042,0.0,0.0,0.0,0.0,0.0,0.0,0.0,0.0,1.5824661069486008,0.0,0.0,0.0,0.0,0.0,0.0,0.0,1.4837102619047633,0.0,0.0,0.0,1.633806688076983,0.0,0.0,0.0,0.0,0.0,0.0,0.0,0.0,0.0,0.0,1.442439833333331,1.449200908669109,0.0,0.0,0.0,0.0,0.0,0.0,1.4705055590520582,0.0,1.486540523809524,0.0,0.0,0.0,0.0,0.0,0.0,0.0,1.97496111904762,0.0,1.4614916904761925,0.0,0.0,0.0,1.5501284920634941,1.4219593333333334,0.0,0.0,1.4709120476190478,0.0,1.4484087301587254,1.5035767791261085,0.0,0.0,0.0,0.0,0.0,1.4868296031745987
